"schema_nm","table_nm","obj_typ","ord_pos","keys","column_nm","data_typ","nullable","description"
"xamdit_server","activity_log","TBL","001","PK","id","int(10)","NOT NULL",
"xamdit_server","activity_log","TBL","002"," ","description","nvarchar(-1)","NOT NULL",
"xamdit_server","activity_log","TBL","003"," ","date","datetime2(7)","NOT NULL",
"xamdit_server","activity_log","TBL","004","FK","staff_id","int(10)","NULL",
"xamdit_server","announcements","TBL","001","PK","id","int(10)","NOT NULL",
"xamdit_server","announcements","TBL","002"," ","name","nvarchar(191)","NOT NULL",
"xamdit_server","announcements","TBL","003"," ","message","nvarchar(-1)","NULL",
"xamdit_server","announcements","TBL","004"," ","show_to_users","real(24)","NOT NULL",
"xamdit_server","announcements","TBL","005"," ","show_to_staff","real(24)","NOT NULL",
"xamdit_server","announcements","TBL","006"," ","show_name","int(10)","NOT NULL",
"xamdit_server","announcements","TBL","007"," ","date_added","datetime2(7)","NOT NULL",
"xamdit_server","announcements","TBL","008"," ","user_id","nvarchar(100)","NOT NULL",
"xamdit_server","clients","TBL","001","PK","id","int(10)","NOT NULL",
"xamdit_server","clients","TBL","002"," ","company","nvarchar(191)","NULL",
"xamdit_server","clients","TBL","003"," ","vat","nvarchar(50)","NULL",
"xamdit_server","clients","TBL","004"," ","phonenumber","nvarchar(30)","NULL",
"xamdit_server","clients","TBL","005"," ","country","int(10)","NOT NULL",
"xamdit_server","clients","TBL","006"," ","city","nvarchar(100)","NULL",
"xamdit_server","clients","TBL","007"," ","zip","nvarchar(15)","NULL",
"xamdit_server","clients","TBL","008"," ","state","nvarchar(50)","NULL",
"xamdit_server","clients","TBL","009"," ","address","nvarchar(100)","NULL",
"xamdit_server","clients","TBL","010"," ","website","nvarchar(150)","NULL",
"xamdit_server","clients","TBL","011"," ","date_created","datetime2(7)","NOT NULL",
"xamdit_server","clients","TBL","012"," ","active","int(10)","NOT NULL",
"xamdit_server","clients","TBL","013"," ","lead_id","int(10)","NULL",
"xamdit_server","clients","TBL","014"," ","billing_street","nvarchar(200)","NULL",
"xamdit_server","clients","TBL","015"," ","billing_city","nvarchar(100)","NULL",
"xamdit_server","clients","TBL","016"," ","billing_state","nvarchar(100)","NULL",
"xamdit_server","clients","TBL","017"," ","billing_zip","nvarchar(100)","NULL",
"xamdit_server","clients","TBL","018"," ","billing_country","int(10)","NULL",
"xamdit_server","clients","TBL","019"," ","shipping_street","nvarchar(200)","NULL",
"xamdit_server","clients","TBL","020"," ","shipping_city","nvarchar(100)","NULL",
"xamdit_server","clients","TBL","021"," ","shipping_state","nvarchar(100)","NULL",
"xamdit_server","clients","TBL","022"," ","shipping_zip","nvarchar(100)","NULL",
"xamdit_server","clients","TBL","023"," ","shipping_country","int(10)","NULL",
"xamdit_server","clients","TBL","024"," ","longitude","nvarchar(191)","NULL",
"xamdit_server","clients","TBL","025"," ","latitude","nvarchar(191)","NULL",
"xamdit_server","clients","TBL","026"," ","default_language","nvarchar(40)","NULL",
"xamdit_server","clients","TBL","027"," ","default_currency","int(10)","NOT NULL",
"xamdit_server","clients","TBL","028"," ","show_primary_contact","int(10)","NOT NULL",
"xamdit_server","clients","TBL","029"," ","stripe_id","nvarchar(40)","NULL",
"xamdit_server","clients","TBL","030"," ","registration_confirmed","int(10)","NOT NULL",
"xamdit_server","clients","TBL","031"," ","added_from","int(10)","NOT NULL",
"xamdit_server","consent_purposes","TBL","001","PK","id","int(10)","NOT NULL",
"xamdit_server","consent_purposes","TBL","002"," ","name","nvarchar(100)","NOT NULL",
"xamdit_server","consent_purposes","TBL","003"," ","description","nvarchar(-1)","NULL",
"xamdit_server","consent_purposes","TBL","004"," ","date_created","datetime2(7)","NOT NULL",
"xamdit_server","consent_purposes","TBL","005"," ","last_updated","datetime2(7)","NULL",
"xamdit_server","consents","TBL","001","PK","id","int(10)","NOT NULL",
"xamdit_server","consents","TBL","002"," ","action","nvarchar(10)","NOT NULL",
"xamdit_server","consents","TBL","003"," ","date","datetime2(7)","NOT NULL",
"xamdit_server","consents","TBL","004"," ","ip","nvarchar(40)","NOT NULL",
"xamdit_server","consents","TBL","005","FK","contact_id","int(10)","NOT NULL",
"xamdit_server","consents","TBL","006","FK","lead_id","int(10)","NOT NULL",
"xamdit_server","consents","TBL","007"," ","description","nvarchar(-1)","NULL",
"xamdit_server","consents","TBL","008"," ","opt_in_purpose_description","nvarchar(-1)","NULL",
"xamdit_server","consents","TBL","009"," ","purpose_id","int(10)","NOT NULL",
"xamdit_server","consents","TBL","010"," ","staff_name","nvarchar(100)","NULL",
"xamdit_server","contact_permissions","TBL","001","PK","id","int(10)","NOT NULL",
"xamdit_server","contact_permissions","TBL","002"," ","permission_id","int(10)","NOT NULL",
"xamdit_server","contact_permissions","TBL","003"," ","user_id","int(10)","NOT NULL",
"xamdit_server","contacts","TBL","001","PK","id","int(10)","NOT NULL",
"xamdit_server","contacts","TBL","002"," ","user_id","int(10)","NOT NULL",
"xamdit_server","contacts","TBL","003"," ","is_primary","real(24)","NOT NULL",
"xamdit_server","contacts","TBL","004"," ","firstname","nvarchar(191)","NOT NULL",
"xamdit_server","contacts","TBL","005"," ","lastname","nvarchar(191)","NOT NULL",
"xamdit_server","contacts","TBL","006"," ","email","nvarchar(100)","NOT NULL",
"xamdit_server","contacts","TBL","007"," ","phonenumber","nvarchar(100)","NOT NULL",
"xamdit_server","contacts","TBL","008"," ","title","nvarchar(100)","NULL",
"xamdit_server","contacts","TBL","009"," ","date_created","datetime2(7)","NOT NULL",
"xamdit_server","contacts","TBL","010"," ","password","nvarchar(255)","NULL",
"xamdit_server","contacts","TBL","011"," ","new_pass_key","nvarchar(32)","NULL",
"xamdit_server","contacts","TBL","012"," ","new_pass_key_requested","datetime2(7)","NULL",
"xamdit_server","contacts","TBL","013"," ","email_verified_at","datetime2(7)","NULL",
"xamdit_server","contacts","TBL","014"," ","email_verification_key","nvarchar(32)","NULL",
"xamdit_server","contacts","TBL","015"," ","email_verification_sent_at","datetime2(7)","NULL",
"xamdit_server","contacts","TBL","016"," ","last_ip","nvarchar(40)","NULL",
"xamdit_server","contacts","TBL","017"," ","last_login","datetime2(7)","NULL",
"xamdit_server","contacts","TBL","018"," ","last_password_change","datetime2(7)","NULL",
"xamdit_server","contacts","TBL","019"," ","active","real(24)","NOT NULL",
"xamdit_server","contacts","TBL","020"," ","profile_image","nvarchar(191)","NULL",
"xamdit_server","contacts","TBL","021"," ","direction","nvarchar(3)","NULL",
"xamdit_server","contacts","TBL","022"," ","invoice_emails","real(24)","NOT NULL",
"xamdit_server","contacts","TBL","023"," ","estimate_emails","real(24)","NOT NULL",
"xamdit_server","contacts","TBL","024"," ","credit_note_emails","real(24)","NOT NULL",
"xamdit_server","contacts","TBL","025"," ","contract_emails","real(24)","NOT NULL",
"xamdit_server","contacts","TBL","026"," ","task_emails","real(24)","NOT NULL",
"xamdit_server","contacts","TBL","027"," ","project_emails","real(24)","NOT NULL",
"xamdit_server","contacts","TBL","028"," ","ticket_emails","real(24)","NOT NULL",
"xamdit_server","contract_comments","TBL","001","PK","id","int(10)","NOT NULL",
"xamdit_server","contract_comments","TBL","002"," ","content","nvarchar(-1)","NULL",
"xamdit_server","contract_comments","TBL","003","FK","contract_id","int(10)","NOT NULL",
"xamdit_server","contract_comments","TBL","004","FK","staff_id","int(10)","NOT NULL",
"xamdit_server","contract_comments","TBL","005"," ","date_added","datetime2(7)","NOT NULL",
"xamdit_server","contract_renewals","TBL","001","PK","id","int(10)","NOT NULL",
"xamdit_server","contract_renewals","TBL","002","FK","contract_id","int(10)","NOT NULL",
"xamdit_server","contract_renewals","TBL","003"," ","old_start_date","datetime2(7)","NOT NULL",
"xamdit_server","contract_renewals","TBL","004"," ","new_start_date","datetime2(7)","NOT NULL",
"xamdit_server","contract_renewals","TBL","005"," ","old_end_date","datetime2(7)","NULL",
"xamdit_server","contract_renewals","TBL","006"," ","new_end_date","datetime2(7)","NULL",
"xamdit_server","contract_renewals","TBL","007"," ","old_value","decimal(15,2)","NULL",
"xamdit_server","contract_renewals","TBL","008"," ","new_value","decimal(15,2)","NULL",
"xamdit_server","contract_renewals","TBL","009"," ","date_renewed","datetime2(7)","NOT NULL",
"xamdit_server","contract_renewals","TBL","010"," ","renewed_by","nvarchar(100)","NOT NULL",
"xamdit_server","contract_renewals","TBL","011","FK","renewed_by_staff_id","int(10)","NOT NULL",
"xamdit_server","contract_renewals","TBL","012"," ","is_on_old_expiry_notified","int(10)","NULL",
"xamdit_server","contracts","TBL","001","PK","id","int(10)","NOT NULL",
"xamdit_server","contracts","TBL","002"," ","content","nvarchar(-1)","NULL",
"xamdit_server","contracts","TBL","003"," ","description","nvarchar(-1)","NULL",
"xamdit_server","contracts","TBL","004"," ","subject","nvarchar(191)","NULL",
"xamdit_server","contracts","TBL","005"," ","client","int(10)","NOT NULL",
"xamdit_server","contracts","TBL","006"," ","date_start","datetime2(7)","NULL",
"xamdit_server","contracts","TBL","007"," ","date_end","datetime2(7)","NULL",
"xamdit_server","contracts","TBL","008"," ","contract_type","int(10)","NULL",
"xamdit_server","contracts","TBL","009"," ","added_from","int(10)","NOT NULL",
"xamdit_server","contracts","TBL","010"," ","date_added","datetime2(7)","NOT NULL",
"xamdit_server","contracts","TBL","011"," ","is_expiry_notified","int(10)","NOT NULL",
"xamdit_server","contracts","TBL","012"," ","contract_value","decimal(15,2)","NULL",
"xamdit_server","contracts","TBL","013"," ","trash","real(24)","NULL",
"xamdit_server","contracts","TBL","014"," ","not_visible_to_client","real(24)","NOT NULL",
"xamdit_server","contracts","TBL","015"," ","hash","nvarchar(32)","NULL",
"xamdit_server","contracts","TBL","016"," ","signed","real(24)","NOT NULL",
"xamdit_server","contracts","TBL","017"," ","signature","nvarchar(40)","NULL",
"xamdit_server","contracts","TBL","018"," ","acceptance_firstname","nvarchar(50)","NULL",
"xamdit_server","contracts","TBL","019"," ","acceptance_lastname","nvarchar(50)","NULL",
"xamdit_server","contracts","TBL","020"," ","acceptance_email","nvarchar(100)","NULL",
"xamdit_server","contracts","TBL","021"," ","acceptance_date","datetime2(7)","NULL",
"xamdit_server","contracts","TBL","022"," ","acceptance_ip","nvarchar(40)","NULL",
"xamdit_server","contracts_types","TBL","001","PK","id","int(10)","NOT NULL",
"xamdit_server","contracts_types","TBL","002"," ","name","nvarchar(-1)","NOT NULL",
"xamdit_server","countries","TBL","001","PK","country_id","int(10)","NOT NULL",
"xamdit_server","countries","TBL","002"," ","iso2","nchar(2)","NULL",
"xamdit_server","countries","TBL","003"," ","short_name","nvarchar(80)","NOT NULL",
"xamdit_server","countries","TBL","004"," ","long_name","nvarchar(80)","NOT NULL",
"xamdit_server","countries","TBL","005"," ","iso3","nchar(3)","NULL",
"xamdit_server","countries","TBL","006"," ","numcode","nvarchar(6)","NULL",
"xamdit_server","countries","TBL","007"," ","un_member","nvarchar(12)","NULL",
"xamdit_server","countries","TBL","008"," ","calling_code","nvarchar(8)","NULL",
"xamdit_server","countries","TBL","009"," ","cctld","nvarchar(5)","NULL",
"xamdit_server","creditnote_refunds","TBL","001","PK","id","int(10)","NOT NULL",
"xamdit_server","creditnote_refunds","TBL","002"," ","credit_note_id","int(10)","NOT NULL",
"xamdit_server","creditnote_refunds","TBL","003","FK","staff_id","int(10)","NOT NULL",
"xamdit_server","creditnote_refunds","TBL","004"," ","refunded_on","datetime2(7)","NOT NULL",
"xamdit_server","creditnote_refunds","TBL","005"," ","payment_mode","nvarchar(40)","NOT NULL",
"xamdit_server","creditnote_refunds","TBL","006"," ","note","nvarchar(-1)","NULL",
"xamdit_server","creditnote_refunds","TBL","007"," ","amount","decimal(15,2)","NOT NULL",
"xamdit_server","creditnote_refunds","TBL","008"," ","created_at","datetime2(7)","NULL",
"xamdit_server","creditnotes","TBL","001","PK","id","int(10)","NOT NULL",
"xamdit_server","creditnotes","TBL","002","FK","client_id","int(10)","NOT NULL",
"xamdit_server","creditnotes","TBL","003"," ","deleted_customer_name","nvarchar(100)","NULL",
"xamdit_server","creditnotes","TBL","004"," ","number","int(10)","NOT NULL",
"xamdit_server","creditnotes","TBL","005"," ","prefix","nvarchar(50)","NULL",
"xamdit_server","creditnotes","TBL","006"," ","number_format","int(10)","NOT NULL",
"xamdit_server","creditnotes","TBL","007"," ","date_created","datetime2(7)","NOT NULL",
"xamdit_server","creditnotes","TBL","008"," ","date","datetime2(7)","NOT NULL",
"xamdit_server","creditnotes","TBL","009"," ","admin_note","nvarchar(-1)","NULL",
"xamdit_server","creditnotes","TBL","010"," ","terms","nvarchar(-1)","NULL",
"xamdit_server","creditnotes","TBL","011"," ","client_note","nvarchar(-1)","NULL",
"xamdit_server","creditnotes","TBL","012"," ","currency","int(10)","NOT NULL",
"xamdit_server","creditnotes","TBL","013"," ","sub_total","decimal(15,2)","NOT NULL",
"xamdit_server","creditnotes","TBL","014"," ","total_tax","decimal(15,2)","NOT NULL",
"xamdit_server","creditnotes","TBL","015"," ","total","decimal(15,2)","NOT NULL",
"xamdit_server","creditnotes","TBL","016"," ","adjustment","decimal(15,2)","NULL",
"xamdit_server","creditnotes","TBL","017"," ","added_from","int(10)","NULL",
"xamdit_server","creditnotes","TBL","018"," ","status","int(10)","NULL",
"xamdit_server","creditnotes","TBL","019","FK","project_id","int(10)","NOT NULL",
"xamdit_server","creditnotes","TBL","020"," ","discount_percent","decimal(15,2)","NULL",
"xamdit_server","creditnotes","TBL","021"," ","discount_total","decimal(15,2)","NULL",
"xamdit_server","creditnotes","TBL","022"," ","discount_type","nvarchar(30)","NOT NULL",
"xamdit_server","creditnotes","TBL","023"," ","billing_street","nvarchar(200)","NULL",
"xamdit_server","creditnotes","TBL","024"," ","billing_city","nvarchar(100)","NULL",
"xamdit_server","creditnotes","TBL","025"," ","billing_state","nvarchar(100)","NULL",
"xamdit_server","creditnotes","TBL","026"," ","billing_zip","nvarchar(100)","NULL",
"xamdit_server","creditnotes","TBL","027"," ","billing_country","int(10)","NULL",
"xamdit_server","creditnotes","TBL","028"," ","shipping_street","nvarchar(200)","NULL",
"xamdit_server","creditnotes","TBL","029"," ","shipping_city","nvarchar(100)","NULL",
"xamdit_server","creditnotes","TBL","030"," ","shipping_state","nvarchar(100)","NULL",
"xamdit_server","creditnotes","TBL","031"," ","shipping_zip","nvarchar(100)","NULL",
"xamdit_server","creditnotes","TBL","032"," ","shipping_country","int(10)","NULL",
"xamdit_server","creditnotes","TBL","033"," ","include_shipping","real(24)","NOT NULL",
"xamdit_server","creditnotes","TBL","034"," ","show_shipping_on_credit_note","real(24)","NOT NULL",
"xamdit_server","creditnotes","TBL","035"," ","show_quantity_as","int(10)","NOT NULL",
"xamdit_server","creditnotes","TBL","036"," ","reference_no","nvarchar(100)","NULL",
"xamdit_server","credits","TBL","001","PK","id","int(10)","NOT NULL",
"xamdit_server","credits","TBL","002"," ","invoice_id","int(10)","NOT NULL",
"xamdit_server","credits","TBL","003"," ","credit_id","int(10)","NOT NULL",
"xamdit_server","credits","TBL","004","FK","staff_id","int(10)","NOT NULL",
"xamdit_server","credits","TBL","005"," ","date","datetime2(7)","NOT NULL",
"xamdit_server","credits","TBL","006"," ","date_applied","datetime2(7)","NOT NULL",
"xamdit_server","credits","TBL","007"," ","amount","decimal(15,2)","NOT NULL",
"xamdit_server","currencies","TBL","001","PK","id","int(10)","NOT NULL",
"xamdit_server","currencies","TBL","002"," ","symbol","nvarchar(10)","NOT NULL",
"xamdit_server","currencies","TBL","003"," ","name","nvarchar(100)","NOT NULL",
"xamdit_server","currencies","TBL","004"," ","decimal_separator","nvarchar(5)","NULL",
"xamdit_server","currencies","TBL","005"," ","thousand_separator","nvarchar(5)","NULL",
"xamdit_server","currencies","TBL","006"," ","placement","nvarchar(10)","NULL",
"xamdit_server","currencies","TBL","007"," ","is_default","real(24)","NOT NULL",
"xamdit_server","custom_fields","TBL","001","PK","id","int(10)","NOT NULL",
"xamdit_server","custom_fields","TBL","002"," ","field_to","nvarchar(15)","NOT NULL",
"xamdit_server","custom_fields","TBL","003"," ","name","nvarchar(150)","NOT NULL",
"xamdit_server","custom_fields","TBL","004"," ","slug","nvarchar(150)","NOT NULL",
"xamdit_server","custom_fields","TBL","005"," ","required","real(24)","NOT NULL",
"xamdit_server","custom_fields","TBL","006"," ","type","nvarchar(20)","NOT NULL",
"xamdit_server","custom_fields","TBL","007"," ","options","nvarchar(-1)","NULL",
"xamdit_server","custom_fields","TBL","008"," ","display_inline","real(24)","NOT NULL",
"xamdit_server","custom_fields","TBL","009"," ","field_order","int(10)","NULL",
"xamdit_server","custom_fields","TBL","010"," ","active","int(10)","NOT NULL",
"xamdit_server","custom_fields","TBL","011"," ","show_on_pdf","int(10)","NOT NULL",
"xamdit_server","custom_fields","TBL","012"," ","show_on_ticket_form","real(24)","NOT NULL",
"xamdit_server","custom_fields","TBL","013"," ","only_admin","real(24)","NOT NULL",
"xamdit_server","custom_fields","TBL","014"," ","show_on_table","real(24)","NOT NULL",
"xamdit_server","custom_fields","TBL","015"," ","show_on_client_portal","int(10)","NOT NULL",
"xamdit_server","custom_fields","TBL","016"," ","disalow_client_to_edit","int(10)","NOT NULL",
"xamdit_server","custom_fields","TBL","017"," ","bs_column","int(10)","NOT NULL",
"xamdit_server","custom_fields_values","TBL","001","PK","id","int(10)","NOT NULL",
"xamdit_server","custom_fields_values","TBL","002"," ","rel_id","int(10)","NOT NULL",
"xamdit_server","custom_fields_values","TBL","003"," ","field_id","int(10)","NOT NULL",
"xamdit_server","custom_fields_values","TBL","004"," ","field_to","nvarchar(15)","NOT NULL",
"xamdit_server","custom_fields_values","TBL","005"," ","value","nvarchar(-1)","NOT NULL",
"xamdit_server","customer_admins","TBL","001","FK","staff_id","int(10)","NOT NULL",
"xamdit_server","customer_admins","TBL","002"," ","customer_id","int(10)","NOT NULL",
"xamdit_server","customer_admins","TBL","003"," ","date_assigned","nvarchar(-1)","NOT NULL",
"xamdit_server","customer_groups","TBL","001","PK","id","int(10)","NOT NULL",
"xamdit_server","customer_groups","TBL","002"," ","group_id","int(10)","NOT NULL",
"xamdit_server","customer_groups","TBL","003"," ","customer_id","int(10)","NOT NULL",
"xamdit_server","customers_groups","TBL","001","PK","id","int(10)","NOT NULL",
"xamdit_server","customers_groups","TBL","002"," ","name","nvarchar(191)","NOT NULL",
"xamdit_server","departments","TBL","001","PK","id","int(10)","NOT NULL",
"xamdit_server","departments","TBL","002"," ","name","nvarchar(100)","NOT NULL",
"xamdit_server","departments","TBL","003"," ","imap_username","nvarchar(50)","NULL",
"xamdit_server","departments","TBL","004"," ","email","nvarchar(100)","NULL",
"xamdit_server","departments","TBL","005"," ","email_from_header","real(24)","NOT NULL",
"xamdit_server","departments","TBL","006"," ","host","nvarchar(150)","NULL",
"xamdit_server","departments","TBL","007"," ","password","nvarchar(-1)","NULL",
"xamdit_server","departments","TBL","008"," ","encryption","nvarchar(3)","NULL",
"xamdit_server","departments","TBL","009"," ","delete_after_import","int(10)","NOT NULL",
"xamdit_server","departments","TBL","010"," ","calendar_id","nvarchar(-1)","NULL",
"xamdit_server","departments","TBL","011"," ","hide_from_client","real(24)","NOT NULL",
"xamdit_server","dismissed_announcements","TBL","001","PK","dismissed_announcement_id","int(10)","NOT NULL",
"xamdit_server","dismissed_announcements","TBL","002"," ","announcement_id","int(10)","NOT NULL",
"xamdit_server","dismissed_announcements","TBL","003"," ","staff","real(24)","NOT NULL",
"xamdit_server","dismissed_announcements","TBL","004"," ","user_id","int(10)","NOT NULL",
"xamdit_server","email_templates","TBL","001","PK","email_template_id","int(10)","NOT NULL",
"xamdit_server","email_templates","TBL","002"," ","type","nvarchar(-1)","NOT NULL",
"xamdit_server","email_templates","TBL","003"," ","slug","nvarchar(100)","NOT NULL",
"xamdit_server","email_templates","TBL","004"," ","language","nvarchar(40)","NULL",
"xamdit_server","email_templates","TBL","005"," ","name","nvarchar(-1)","NOT NULL",
"xamdit_server","email_templates","TBL","006"," ","subject","nvarchar(-1)","NOT NULL",
"xamdit_server","email_templates","TBL","007"," ","message","nvarchar(-1)","NOT NULL",
"xamdit_server","email_templates","TBL","008"," ","from_name","nvarchar(-1)","NOT NULL",
"xamdit_server","email_templates","TBL","009"," ","from_email","nvarchar(100)","NULL",
"xamdit_server","email_templates","TBL","010"," ","plain_text","int(10)","NOT NULL",
"xamdit_server","email_templates","TBL","011"," ","active","real(24)","NOT NULL",
"xamdit_server","email_templates","TBL","012"," ","order","int(10)","NOT NULL",
"xamdit_server","estimates","TBL","001","PK","id","int(10)","NOT NULL",
"xamdit_server","estimates","TBL","002"," ","sent","real(24)","NOT NULL",
"xamdit_server","estimates","TBL","003"," ","date_send","datetime2(7)","NULL",
"xamdit_server","estimates","TBL","004","FK","client_id","int(10)","NOT NULL",
"xamdit_server","estimates","TBL","005"," ","deleted_customer_name","nvarchar(100)","NULL",
"xamdit_server","estimates","TBL","006"," ","project_id","int(10)","NOT NULL",
"xamdit_server","estimates","TBL","007"," ","number","int(10)","NOT NULL",
"xamdit_server","estimates","TBL","008"," ","prefix","nvarchar(50)","NULL",
"xamdit_server","estimates","TBL","009"," ","number_format","int(10)","NOT NULL",
"xamdit_server","estimates","TBL","010"," ","hash","nvarchar(32)","NULL",
"xamdit_server","estimates","TBL","011"," ","date_created","datetime2(7)","NOT NULL",
"xamdit_server","estimates","TBL","012"," ","date","datetime2(7)","NOT NULL",
"xamdit_server","estimates","TBL","013"," ","expiry_date","datetime2(7)","NULL",
"xamdit_server","estimates","TBL","014"," ","currency","int(10)","NOT NULL",
"xamdit_server","estimates","TBL","015"," ","sub_total","decimal(15,2)","NOT NULL",
"xamdit_server","estimates","TBL","016"," ","total_tax","decimal(15,2)","NOT NULL",
"xamdit_server","estimates","TBL","017"," ","total","decimal(15,2)","NOT NULL",
"xamdit_server","estimates","TBL","018"," ","adjustment","decimal(15,2)","NULL",
"xamdit_server","estimates","TBL","019"," ","added_from","int(10)","NOT NULL",
"xamdit_server","estimates","TBL","020"," ","status","int(10)","NOT NULL",
"xamdit_server","estimates","TBL","021"," ","client_note","nvarchar(-1)","NULL",
"xamdit_server","estimates","TBL","022"," ","admin_note","nvarchar(-1)","NULL",
"xamdit_server","estimates","TBL","023"," ","discount_percent","decimal(15,2)","NULL",
"xamdit_server","estimates","TBL","024"," ","discount_total","decimal(15,2)","NULL",
"xamdit_server","estimates","TBL","025"," ","discount_type","nvarchar(30)","NULL",
"xamdit_server","estimates","TBL","026","FK","invoice_id","int(10)","NULL",
"xamdit_server","estimates","TBL","027"," ","invoiced_date","datetime2(7)","NULL",
"xamdit_server","estimates","TBL","028"," ","terms","nvarchar(-1)","NULL",
"xamdit_server","estimates","TBL","029"," ","reference_no","nvarchar(100)","NULL",
"xamdit_server","estimates","TBL","030"," ","sale_agent","int(10)","NOT NULL",
"xamdit_server","estimates","TBL","031"," ","billing_street","nvarchar(200)","NULL",
"xamdit_server","estimates","TBL","032"," ","billing_city","nvarchar(100)","NULL",
"xamdit_server","estimates","TBL","033"," ","billing_state","nvarchar(100)","NULL",
"xamdit_server","estimates","TBL","034"," ","billing_zip","nvarchar(100)","NULL",
"xamdit_server","estimates","TBL","035"," ","billing_country","int(10)","NULL",
"xamdit_server","estimates","TBL","036"," ","shipping_street","nvarchar(200)","NULL",
"xamdit_server","estimates","TBL","037"," ","shipping_city","nvarchar(100)","NULL",
"xamdit_server","estimates","TBL","038"," ","shipping_state","nvarchar(100)","NULL",
"xamdit_server","estimates","TBL","039"," ","shipping_zip","nvarchar(100)","NULL",
"xamdit_server","estimates","TBL","040"," ","shipping_country","int(10)","NULL",
"xamdit_server","estimates","TBL","041"," ","include_shipping","real(24)","NOT NULL",
"xamdit_server","estimates","TBL","042"," ","show_shipping_on_estimate","real(24)","NOT NULL",
"xamdit_server","estimates","TBL","043"," ","show_quantity_as","int(10)","NOT NULL",
"xamdit_server","estimates","TBL","044"," ","pipeline_order","int(10)","NOT NULL",
"xamdit_server","estimates","TBL","045"," ","is_expiry_notified","int(10)","NOT NULL",
"xamdit_server","estimates","TBL","046"," ","acceptance_firstname","nvarchar(50)","NULL",
"xamdit_server","estimates","TBL","047"," ","acceptance_lastname","nvarchar(50)","NULL",
"xamdit_server","estimates","TBL","048"," ","acceptance_email","nvarchar(100)","NULL",
"xamdit_server","estimates","TBL","049"," ","acceptance_date","datetime2(7)","NULL",
"xamdit_server","estimates","TBL","050"," ","acceptance_ip","nvarchar(40)","NULL",
"xamdit_server","estimates","TBL","051"," ","signature","nvarchar(40)","NULL",
"xamdit_server","events","TBL","001","PK","event_id","int(10)","NOT NULL",
"xamdit_server","events","TBL","002"," ","title","nvarchar(-1)","NOT NULL",
"xamdit_server","events","TBL","003"," ","description","nvarchar(-1)","NULL",
"xamdit_server","events","TBL","004"," ","user_id","int(10)","NOT NULL",
"xamdit_server","events","TBL","005"," ","start","datetime2(7)","NOT NULL",
"xamdit_server","events","TBL","006"," ","end","datetime2(7)","NULL",
"xamdit_server","events","TBL","007"," ","public","int(10)","NOT NULL",
"xamdit_server","events","TBL","008"," ","color","nvarchar(10)","NULL",
"xamdit_server","events","TBL","009"," ","is_start_notified","real(24)","NOT NULL",
"xamdit_server","events","TBL","010"," ","reminder_before","int(10)","NOT NULL",
"xamdit_server","events","TBL","011"," ","reminder_before_type","nvarchar(10)","NULL",
"xamdit_server","expenses","TBL","001","PK","id","int(10)","NOT NULL",
"xamdit_server","expenses","TBL","002"," ","category","int(10)","NOT NULL",
"xamdit_server","expenses","TBL","003"," ","currency","int(10)","NOT NULL",
"xamdit_server","expenses","TBL","004"," ","amount","decimal(15,2)","NOT NULL",
"xamdit_server","expenses","TBL","005"," ","tax","int(10)","NULL",
"xamdit_server","expenses","TBL","006"," ","tax2","int(10)","NOT NULL",
"xamdit_server","expenses","TBL","007"," ","reference_no","nvarchar(100)","NULL",
"xamdit_server","expenses","TBL","008"," ","note","nvarchar(-1)","NULL",
"xamdit_server","expenses","TBL","009"," ","expense_name","nvarchar(191)","NULL",
"xamdit_server","expenses","TBL","010","FK","client_id","int(10)","NOT NULL",
"xamdit_server","expenses","TBL","011","FK","project_id","int(10)","NOT NULL",
"xamdit_server","expenses","TBL","012"," ","billable","int(10)","NULL",
"xamdit_server","expenses","TBL","013","FK","invoice_id","int(10)","NULL",
"xamdit_server","expenses","TBL","014"," ","payment_mode","nvarchar(50)","NULL",
"xamdit_server","expenses","TBL","015"," ","date","datetime2(7)","NOT NULL",
"xamdit_server","expenses","TBL","016"," ","recurring_type","nvarchar(10)","NULL",
"xamdit_server","expenses","TBL","017"," ","repeat_every","int(10)","NULL",
"xamdit_server","expenses","TBL","018"," ","recurring","int(10)","NOT NULL",
"xamdit_server","expenses","TBL","019"," ","cycles","int(10)","NOT NULL",
"xamdit_server","expenses","TBL","020"," ","total_cycles","int(10)","NOT NULL",
"xamdit_server","expenses","TBL","021"," ","custom_recurring","int(10)","NOT NULL",
"xamdit_server","expenses","TBL","022"," ","last_recurring_date","datetime2(7)","NULL",
"xamdit_server","expenses","TBL","023"," ","create_invoice_billable","real(24)","NULL",
"xamdit_server","expenses","TBL","024"," ","send_invoice_to_customer","real(24)","NOT NULL",
"xamdit_server","expenses","TBL","025"," ","recurring_from","int(10)","NULL",
"xamdit_server","expenses","TBL","026"," ","date_added","datetime2(7)","NOT NULL",
"xamdit_server","expenses","TBL","027"," ","added_from","int(10)","NOT NULL",
"xamdit_server","expenses_categories","TBL","001","PK","id","int(10)","NOT NULL",
"xamdit_server","expenses_categories","TBL","002"," ","name","nvarchar(191)","NOT NULL",
"xamdit_server","expenses_categories","TBL","003"," ","description","nvarchar(-1)","NULL",
"xamdit_server","file_object","TBL","001","PK","id","int(10)","NOT NULL",
"xamdit_server","file_object","TBL","002"," ","rel_id","int(10)","NOT NULL",
"xamdit_server","file_object","TBL","003"," ","rel_type","nvarchar(20)","NOT NULL",
"xamdit_server","file_object","TBL","004"," ","file_name","nvarchar(191)","NOT NULL",
"xamdit_server","file_object","TBL","005"," ","file_type","nvarchar(40)","NULL",
"xamdit_server","file_object","TBL","006"," ","visible_to_customer","int(10)","NOT NULL",
"xamdit_server","file_object","TBL","007"," ","attachment_key","nvarchar(32)","NULL",
"xamdit_server","file_object","TBL","008"," ","external","nvarchar(40)","NULL",
"xamdit_server","file_object","TBL","009"," ","external_link","nvarchar(-1)","NULL",
"xamdit_server","file_object","TBL","010"," ","thumbnail_link","nvarchar(-1)","NULL",
"xamdit_server","file_object","TBL","011","FK","staff_id","int(10)","NOT NULL",
"xamdit_server","file_object","TBL","012","FK","contact_id","int(10)","NULL",
"xamdit_server","file_object","TBL","013"," ","task_comment_id","int(10)","NOT NULL",
"xamdit_server","file_object","TBL","014"," ","date_added","datetime2(7)","NOT NULL",
"xamdit_server","form_question_box","TBL","001","PK","box_id","int(10)","NOT NULL",
"xamdit_server","form_question_box","TBL","002"," ","boxtype","nvarchar(10)","NOT NULL",
"xamdit_server","form_question_box","TBL","003"," ","question_id","int(10)","NOT NULL",
"xamdit_server","form_question_box_description","TBL","001","PK","question_box_description_id","int(10)","NOT NULL",
"xamdit_server","form_question_box_description","TBL","002"," ","description","nvarchar(-1)","NOT NULL",
"xamdit_server","form_question_box_description","TBL","003"," ","box_id","nvarchar(-1)","NOT NULL",
"xamdit_server","form_question_box_description","TBL","004"," ","question_id","int(10)","NOT NULL",
"xamdit_server","form_questions","TBL","001","PK","question_id","int(10)","NOT NULL",
"xamdit_server","form_questions","TBL","002"," ","rel_id","int(10)","NOT NULL",
"xamdit_server","form_questions","TBL","003"," ","rel_type","nvarchar(20)","NULL",
"xamdit_server","form_questions","TBL","004"," ","question","nvarchar(-1)","NOT NULL",
"xamdit_server","form_questions","TBL","005"," ","required","real(24)","NOT NULL",
"xamdit_server","form_questions","TBL","006"," ","question_order","int(10)","NOT NULL",
"xamdit_server","form_results","TBL","001","PK","result_id","int(10)","NOT NULL",
"xamdit_server","form_results","TBL","002"," ","box_id","int(10)","NOT NULL",
"xamdit_server","form_results","TBL","003"," ","box_description_id","int(10)","NULL",
"xamdit_server","form_results","TBL","004"," ","rel_id","int(10)","NOT NULL",
"xamdit_server","form_results","TBL","005"," ","rel_type","nvarchar(20)","NULL",
"xamdit_server","form_results","TBL","006"," ","question_id","int(10)","NOT NULL",
"xamdit_server","form_results","TBL","007"," ","answer","nvarchar(-1)","NULL",
"xamdit_server","form_results","TBL","008"," ","resultsetid","int(10)","NOT NULL",
"xamdit_server","gdpr_requests","TBL","001","PK","id","int(10)","NOT NULL",
"xamdit_server","gdpr_requests","TBL","002","FK","client_id","int(10)","NOT NULL",
"xamdit_server","gdpr_requests","TBL","003","FK","contact_id","int(10)","NOT NULL",
"xamdit_server","gdpr_requests","TBL","004","FK","lead_id","int(10)","NOT NULL",
"xamdit_server","gdpr_requests","TBL","005"," ","request_type","nvarchar(191)","NULL",
"xamdit_server","gdpr_requests","TBL","006"," ","status","nvarchar(40)","NULL",
"xamdit_server","gdpr_requests","TBL","007"," ","request_date","datetime2(7)","NOT NULL",
"xamdit_server","gdpr_requests","TBL","008"," ","request_from","nvarchar(150)","NULL",
"xamdit_server","gdpr_requests","TBL","009"," ","description","nvarchar(-1)","NULL",
"xamdit_server","invoice_payment_records","TBL","001","PK","id","int(10)","NOT NULL",
"xamdit_server","invoice_payment_records","TBL","002","FK","invoice_id","int(10)","NOT NULL",
"xamdit_server","invoice_payment_records","TBL","003"," ","amount","decimal(15,2)","NOT NULL",
"xamdit_server","invoice_payment_records","TBL","004"," ","payment_mode","nvarchar(40)","NULL",
"xamdit_server","invoice_payment_records","TBL","005"," ","payment_method","nvarchar(191)","NULL",
"xamdit_server","invoice_payment_records","TBL","006"," ","date","datetime2(7)","NOT NULL",
"xamdit_server","invoice_payment_records","TBL","007"," ","date_recorded","datetime2(7)","NOT NULL",
"xamdit_server","invoice_payment_records","TBL","008"," ","note","nvarchar(-1)","NOT NULL",
"xamdit_server","invoice_payment_records","TBL","009"," ","transaction_id","nvarchar(-1)","NULL",
"xamdit_server","invoices","TBL","001","PK","id","int(10)","NOT NULL",
"xamdit_server","invoices","TBL","002"," ","sent","real(24)","NOT NULL",
"xamdit_server","invoices","TBL","003"," ","date_send","datetime2(7)","NULL",
"xamdit_server","invoices","TBL","004","FK","client_id","int(10)","NOT NULL",
"xamdit_server","invoices","TBL","005"," ","deleted_customer_name","nvarchar(100)","NULL",
"xamdit_server","invoices","TBL","006"," ","number","int(10)","NOT NULL",
"xamdit_server","invoices","TBL","007"," ","prefix","nvarchar(50)","NULL",
"xamdit_server","invoices","TBL","008"," ","number_format","int(10)","NOT NULL",
"xamdit_server","invoices","TBL","009"," ","date_created","datetime2(7)","NOT NULL",
"xamdit_server","invoices","TBL","010"," ","date","datetime2(7)","NOT NULL",
"xamdit_server","invoices","TBL","011"," ","due_date","datetime2(7)","NULL",
"xamdit_server","invoices","TBL","012"," ","currency","int(10)","NOT NULL",
"xamdit_server","invoices","TBL","013"," ","sub_total","decimal(15,2)","NOT NULL",
"xamdit_server","invoices","TBL","014"," ","total_tax","decimal(15,2)","NOT NULL",
"xamdit_server","invoices","TBL","015"," ","total","decimal(15,2)","NOT NULL",
"xamdit_server","invoices","TBL","016"," ","adjustment","decimal(15,2)","NULL",
"xamdit_server","invoices","TBL","017"," ","added_from","int(10)","NULL",
"xamdit_server","invoices","TBL","018"," ","hash","nvarchar(32)","NOT NULL",
"xamdit_server","invoices","TBL","019"," ","status","int(10)","NULL",
"xamdit_server","invoices","TBL","020"," ","client_note","nvarchar(-1)","NULL",
"xamdit_server","invoices","TBL","021"," ","admin_note","nvarchar(-1)","NULL",
"xamdit_server","invoices","TBL","022"," ","last_overdue_reminder","datetime2(7)","NULL",
"xamdit_server","invoices","TBL","023"," ","cancel_overdue_reminders","int(10)","NOT NULL",
"xamdit_server","invoices","TBL","024"," ","allowed_payment_modes","nvarchar(-1)","NULL",
"xamdit_server","invoices","TBL","025"," ","token","nvarchar(-1)","NULL",
"xamdit_server","invoices","TBL","026"," ","discount_percent","decimal(15,2)","NULL",
"xamdit_server","invoices","TBL","027"," ","discount_total","decimal(15,2)","NULL",
"xamdit_server","invoices","TBL","028"," ","discount_type","nvarchar(30)","NOT NULL",
"xamdit_server","invoices","TBL","029"," ","recurring","int(10)","NOT NULL",
"xamdit_server","invoices","TBL","030"," ","recurring_type","nvarchar(10)","NULL",
"xamdit_server","invoices","TBL","031"," ","custom_recurring","real(24)","NOT NULL",
"xamdit_server","invoices","TBL","032"," ","cycles","int(10)","NOT NULL",
"xamdit_server","invoices","TBL","033"," ","total_cycles","int(10)","NOT NULL",
"xamdit_server","invoices","TBL","034"," ","is_recurring_from","int(10)","NULL",
"xamdit_server","invoices","TBL","035"," ","last_recurring_date","datetime2(7)","NULL",
"xamdit_server","invoices","TBL","036"," ","terms","nvarchar(-1)","NULL",
"xamdit_server","invoices","TBL","037"," ","sale_agent","int(10)","NOT NULL",
"xamdit_server","invoices","TBL","038"," ","billing_street","nvarchar(200)","NULL",
"xamdit_server","invoices","TBL","039"," ","billing_city","nvarchar(100)","NULL",
"xamdit_server","invoices","TBL","040"," ","billing_state","nvarchar(100)","NULL",
"xamdit_server","invoices","TBL","041"," ","billing_zip","nvarchar(100)","NULL",
"xamdit_server","invoices","TBL","042"," ","billing_country","int(10)","NULL",
"xamdit_server","invoices","TBL","043"," ","shipping_street","nvarchar(200)","NULL",
"xamdit_server","invoices","TBL","044"," ","shipping_city","nvarchar(100)","NULL",
"xamdit_server","invoices","TBL","045"," ","shipping_state","nvarchar(100)","NULL",
"xamdit_server","invoices","TBL","046"," ","shipping_zip","nvarchar(100)","NULL",
"xamdit_server","invoices","TBL","047"," ","shipping_country","int(10)","NULL",
"xamdit_server","invoices","TBL","048"," ","include_shipping","real(24)","NOT NULL",
"xamdit_server","invoices","TBL","049"," ","show_shipping_on_invoice","real(24)","NOT NULL",
"xamdit_server","invoices","TBL","050"," ","show_quantity_as","int(10)","NOT NULL",
"xamdit_server","invoices","TBL","051"," ","project_id","int(10)","NULL",
"xamdit_server","invoices","TBL","052"," ","subscription_id","int(10)","NOT NULL",
"xamdit_server","item_tax","TBL","001","PK","id","int(10)","NOT NULL",
"xamdit_server","item_tax","TBL","002"," ","item_id","int(10)","NOT NULL",
"xamdit_server","item_tax","TBL","003"," ","rel_id","int(10)","NOT NULL",
"xamdit_server","item_tax","TBL","004"," ","rel_type","nvarchar(20)","NOT NULL",
"xamdit_server","item_tax","TBL","005"," ","tax_rate","decimal(15,2)","NOT NULL",
"xamdit_server","item_tax","TBL","006"," ","tax_name","nvarchar(100)","NOT NULL",
"xamdit_server","itemable","TBL","001","PK","id","int(10)","NOT NULL",
"xamdit_server","itemable","TBL","002"," ","rel_id","int(10)","NOT NULL",
"xamdit_server","itemable","TBL","003"," ","rel_type","nvarchar(15)","NOT NULL",
"xamdit_server","itemable","TBL","004"," ","description","nvarchar(-1)","NOT NULL",
"xamdit_server","itemable","TBL","005"," ","long_description","nvarchar(-1)","NULL",
"xamdit_server","itemable","TBL","006"," ","qty","decimal(15,2)","NOT NULL",
"xamdit_server","itemable","TBL","007"," ","rate","decimal(15,2)","NOT NULL",
"xamdit_server","itemable","TBL","008"," ","unit","nvarchar(40)","NULL",
"xamdit_server","itemable","TBL","009"," ","item_order","int(10)","NULL",
"xamdit_server","items","TBL","001","PK","id","int(10)","NOT NULL",
"xamdit_server","items","TBL","002"," ","description","nvarchar(-1)","NOT NULL",
"xamdit_server","items","TBL","003"," ","long_description","nvarchar(-1)","NULL",
"xamdit_server","items","TBL","004"," ","rate","decimal(15,2)","NOT NULL",
"xamdit_server","items","TBL","005"," ","tax","int(10)","NULL",
"xamdit_server","items","TBL","006"," ","tax2","int(10)","NULL",
"xamdit_server","items","TBL","007"," ","unit","nvarchar(40)","NULL",
"xamdit_server","items","TBL","008"," ","group_id","int(10)","NOT NULL",
"xamdit_server","items_groups","TBL","001","PK","id","int(10)","NOT NULL",
"xamdit_server","items_groups","TBL","002"," ","name","nvarchar(50)","NOT NULL",
"xamdit_server","knowedge_base_article_feedback","TBL","001","PK","article_answer_id","int(10)","NOT NULL",
"xamdit_server","knowedge_base_article_feedback","TBL","002"," ","article_id","int(10)","NOT NULL",
"xamdit_server","knowedge_base_article_feedback","TBL","003"," ","answer","int(10)","NOT NULL",
"xamdit_server","knowedge_base_article_feedback","TBL","004"," ","ip","nvarchar(40)","NOT NULL",
"xamdit_server","knowedge_base_article_feedback","TBL","005"," ","date","datetime2(7)","NOT NULL",
"xamdit_server","knowledge_base","TBL","001","PK","article_id","int(10)","NOT NULL",
"xamdit_server","knowledge_base","TBL","002"," ","article_group","int(10)","NOT NULL",
"xamdit_server","knowledge_base","TBL","003"," ","subject","nvarchar(-1)","NOT NULL",
"xamdit_server","knowledge_base","TBL","004"," ","description","nvarchar(-1)","NOT NULL",
"xamdit_server","knowledge_base","TBL","005"," ","slug","nvarchar(-1)","NOT NULL",
"xamdit_server","knowledge_base","TBL","006"," ","active","real(24)","NOT NULL",
"xamdit_server","knowledge_base","TBL","007"," ","date_created","datetime2(7)","NOT NULL",
"xamdit_server","knowledge_base","TBL","008"," ","article_order","int(10)","NOT NULL",
"xamdit_server","knowledge_base","TBL","009"," ","staff_article","int(10)","NOT NULL",
"xamdit_server","knowledge_base_groups","TBL","001","PK","group_id","int(10)","NOT NULL",
"xamdit_server","knowledge_base_groups","TBL","002"," ","name","nvarchar(191)","NOT NULL",
"xamdit_server","knowledge_base_groups","TBL","003"," ","group_slug","nvarchar(-1)","NULL",
"xamdit_server","knowledge_base_groups","TBL","004"," ","description","nvarchar(-1)","NULL",
"xamdit_server","knowledge_base_groups","TBL","005"," ","active","real(24)","NOT NULL",
"xamdit_server","knowledge_base_groups","TBL","006"," ","color","nvarchar(10)","NULL",
"xamdit_server","knowledge_base_groups","TBL","007"," ","group_order","int(10)","NULL",
"xamdit_server","lead_activity_log","TBL","001","PK","id","int(10)","NOT NULL",
"xamdit_server","lead_activity_log","TBL","002","FK","lead_id","int(10)","NOT NULL",
"xamdit_server","lead_activity_log","TBL","003"," ","description","nvarchar(-1)","NOT NULL",
"xamdit_server","lead_activity_log","TBL","004"," ","additional_data","nvarchar(-1)","NULL",
"xamdit_server","lead_activity_log","TBL","005"," ","date","datetime2(7)","NOT NULL",
"xamdit_server","lead_activity_log","TBL","006","FK","staff_id","int(10)","NOT NULL",
"xamdit_server","lead_activity_log","TBL","007"," ","full_name","nvarchar(100)","NULL",
"xamdit_server","lead_activity_log","TBL","008"," ","custom_activity","real(24)","NOT NULL",
"xamdit_server","lead_integration_emails","TBL","001","PK","id","int(10)","NOT NULL",
"xamdit_server","lead_integration_emails","TBL","002"," ","subject","nvarchar(-1)","NULL",
"xamdit_server","lead_integration_emails","TBL","003"," ","body","nvarchar(-1)","NULL",
"xamdit_server","lead_integration_emails","TBL","004"," ","date_added","datetime2(7)","NOT NULL",
"xamdit_server","lead_integration_emails","TBL","005","FK","lead_id","int(10)","NOT NULL",
"xamdit_server","lead_integration_emails","TBL","006"," ","email_id","int(10)","NOT NULL",
"xamdit_server","leads","TBL","001","PK","id","int(10)","NOT NULL",
"xamdit_server","leads","TBL","002"," ","hash","nvarchar(65)","NULL",
"xamdit_server","leads","TBL","003"," ","name","nvarchar(191)","NOT NULL",
"xamdit_server","leads","TBL","004"," ","title","nvarchar(100)","NULL",
"xamdit_server","leads","TBL","005"," ","company","nvarchar(191)","NULL",
"xamdit_server","leads","TBL","006"," ","description","nvarchar(-1)","NULL",
"xamdit_server","leads","TBL","007"," ","country","int(10)","NOT NULL",
"xamdit_server","leads","TBL","008"," ","zip","nvarchar(15)","NULL",
"xamdit_server","leads","TBL","009"," ","city","nvarchar(100)","NULL",
"xamdit_server","leads","TBL","010"," ","state","nvarchar(50)","NULL",
"xamdit_server","leads","TBL","011"," ","address","nvarchar(100)","NULL",
"xamdit_server","leads","TBL","012"," ","assigned","int(10)","NOT NULL",
"xamdit_server","leads","TBL","013"," ","date_added","datetime2(7)","NOT NULL",
"xamdit_server","leads","TBL","014"," ","from_form_id","int(10)","NOT NULL",
"xamdit_server","leads","TBL","015"," ","status","int(10)","NOT NULL",
"xamdit_server","leads","TBL","016"," ","source","int(10)","NOT NULL",
"xamdit_server","leads","TBL","017"," ","last_contact","datetime2(7)","NULL",
"xamdit_server","leads","TBL","018"," ","date_assigned","datetime2(7)","NULL",
"xamdit_server","leads","TBL","019"," ","last_status_change","datetime2(7)","NULL",
"xamdit_server","leads","TBL","020"," ","added_from","int(10)","NOT NULL",
"xamdit_server","leads","TBL","021"," ","email","nvarchar(100)","NULL",
"xamdit_server","leads","TBL","022"," ","website","nvarchar(150)","NULL",
"xamdit_server","leads","TBL","023"," ","lead_order","int(10)","NULL",
"xamdit_server","leads","TBL","024"," ","phonenumber","nvarchar(50)","NULL",
"xamdit_server","leads","TBL","025"," ","date_converted","datetime2(7)","NULL",
"xamdit_server","leads","TBL","026"," ","lost","real(24)","NOT NULL",
"xamdit_server","leads","TBL","027"," ","junk","int(10)","NOT NULL",
"xamdit_server","leads","TBL","028"," ","last_lead_status","int(10)","NOT NULL",
"xamdit_server","leads","TBL","029"," ","is_imported_from_email_integration","real(24)","NOT NULL",
"xamdit_server","leads","TBL","030"," ","email_integration_uid","nvarchar(30)","NULL",
"xamdit_server","leads","TBL","031"," ","is_public","real(24)","NOT NULL",
"xamdit_server","leads","TBL","032"," ","default_language","nvarchar(40)","NULL",
"xamdit_server","leads","TBL","033"," ","client_id","int(10)","NOT NULL",
"xamdit_server","leads_email_integration","TBL","001","PK","id","int(10)","NOT NULL",
"xamdit_server","leads_email_integration","TBL","002"," ","active","int(10)","NOT NULL",
"xamdit_server","leads_email_integration","TBL","003"," ","email","nvarchar(100)","NOT NULL",
"xamdit_server","leads_email_integration","TBL","004"," ","imap_server","nvarchar(100)","NOT NULL",
"xamdit_server","leads_email_integration","TBL","005"," ","password","nvarchar(-1)","NOT NULL",
"xamdit_server","leads_email_integration","TBL","006"," ","check_every","int(10)","NOT NULL",
"xamdit_server","leads_email_integration","TBL","007"," ","responsible","int(10)","NOT NULL",
"xamdit_server","leads_email_integration","TBL","008"," ","lead_source","int(10)","NOT NULL",
"xamdit_server","leads_email_integration","TBL","009"," ","lead_status","int(10)","NOT NULL",
"xamdit_server","leads_email_integration","TBL","010"," ","encryption","nvarchar(3)","NULL",
"xamdit_server","leads_email_integration","TBL","011"," ","folder","nvarchar(100)","NOT NULL",
"xamdit_server","leads_email_integration","TBL","012"," ","last_run","nvarchar(50)","NULL",
"xamdit_server","leads_email_integration","TBL","013"," ","notify_lead_imported","real(24)","NOT NULL",
"xamdit_server","leads_email_integration","TBL","014"," ","notify_lead_contact_more_times","real(24)","NOT NULL",
"xamdit_server","leads_email_integration","TBL","015"," ","notify_type","nvarchar(20)","NULL",
"xamdit_server","leads_email_integration","TBL","016"," ","notify_ids","nvarchar(-1)","NULL",
"xamdit_server","leads_email_integration","TBL","017"," ","mark_public","int(10)","NOT NULL",
"xamdit_server","leads_email_integration","TBL","018"," ","only_loop_on_unseen_emails","real(24)","NOT NULL",
"xamdit_server","leads_email_integration","TBL","019"," ","delete_after_import","int(10)","NOT NULL",
"xamdit_server","leads_email_integration","TBL","020"," ","create_task_if_customer","int(10)","NOT NULL",
"xamdit_server","leads_sources","TBL","001","PK","id","int(10)","NOT NULL",
"xamdit_server","leads_sources","TBL","002"," ","name","nvarchar(150)","NOT NULL",
"xamdit_server","leads_status","TBL","001","PK","id","int(10)","NOT NULL",
"xamdit_server","leads_status","TBL","002"," ","name","nvarchar(50)","NOT NULL",
"xamdit_server","leads_status","TBL","003"," ","status_order","int(10)","NULL",
"xamdit_server","leads_status","TBL","004"," ","color","nvarchar(10)","NULL",
"xamdit_server","leads_status","TBL","005"," ","is_default","int(10)","NOT NULL",
"xamdit_server","mail_queue","TBL","001","PK","id","int(10)","NOT NULL",
"xamdit_server","mail_queue","TBL","002"," ","engine","nvarchar(40)","NULL",
"xamdit_server","mail_queue","TBL","003"," ","email","nvarchar(191)","NOT NULL",
"xamdit_server","mail_queue","TBL","004"," ","cc","nvarchar(-1)","NULL",
"xamdit_server","mail_queue","TBL","005"," ","bcc","nvarchar(-1)","NULL",
"xamdit_server","mail_queue","TBL","006"," ","message","nvarchar(-1)","NOT NULL",
"xamdit_server","mail_queue","TBL","007"," ","alt_message","nvarchar(-1)","NULL",
"xamdit_server","mail_queue","TBL","008"," ","status","nvarchar(255)","NULL",
"xamdit_server","mail_queue","TBL","009"," ","date","datetime2(7)","NULL",
"xamdit_server","mail_queue","TBL","010"," ","headers","nvarchar(-1)","NULL",
"xamdit_server","mail_queue","TBL","011"," ","attachments","nvarchar(-1)","NULL",
"xamdit_server","milestones","TBL","001","PK","id","int(10)","NOT NULL",
"xamdit_server","milestones","TBL","002"," ","name","nvarchar(191)","NOT NULL",
"xamdit_server","milestones","TBL","003"," ","description","nvarchar(-1)","NULL",
"xamdit_server","milestones","TBL","004"," ","description_visible_to_customer","real(24)","NULL",
"xamdit_server","milestones","TBL","005"," ","due_date","datetime2(7)","NOT NULL",
"xamdit_server","milestones","TBL","006"," ","project_id","int(10)","NOT NULL",
"xamdit_server","milestones","TBL","007"," ","color","nvarchar(10)","NULL",
"xamdit_server","milestones","TBL","008"," ","milestone_order","int(10)","NOT NULL",
"xamdit_server","milestones","TBL","009"," ","date_created","datetime2(7)","NOT NULL",
"xamdit_server","milestones","TBL","010","FK","projectsId","int(10)","NOT NULL",
"xamdit_server","modules","TBL","001","PK","id","int(10)","NOT NULL",
"xamdit_server","modules","TBL","002"," ","module_name","nvarchar(55)","NOT NULL",
"xamdit_server","modules","TBL","003"," ","installed_version","nvarchar(11)","NOT NULL",
"xamdit_server","modules","TBL","004"," ","active","real(24)","NOT NULL",
"xamdit_server","newsfeed_comment_likes","TBL","001","PK","id","int(10)","NOT NULL",
"xamdit_server","newsfeed_comment_likes","TBL","002"," ","post_id","int(10)","NOT NULL",
"xamdit_server","newsfeed_comment_likes","TBL","003"," ","comment_id","int(10)","NOT NULL",
"xamdit_server","newsfeed_comment_likes","TBL","004"," ","user_id","int(10)","NOT NULL",
"xamdit_server","newsfeed_comment_likes","TBL","005"," ","date_liked","datetime2(7)","NOT NULL",
"xamdit_server","newsfeed_post_comments","TBL","001","PK","id","int(10)","NOT NULL",
"xamdit_server","newsfeed_post_comments","TBL","002"," ","content","nvarchar(-1)","NULL",
"xamdit_server","newsfeed_post_comments","TBL","003"," ","user_id","int(10)","NOT NULL",
"xamdit_server","newsfeed_post_comments","TBL","004","FK","post_id","int(10)","NOT NULL",
"xamdit_server","newsfeed_post_comments","TBL","005"," ","date_added","datetime2(7)","NOT NULL",
"xamdit_server","newsfeed_post_likes","TBL","001","PK","id","int(10)","NOT NULL",
"xamdit_server","newsfeed_post_likes","TBL","002"," ","post_id","int(10)","NOT NULL",
"xamdit_server","newsfeed_post_likes","TBL","003"," ","user_id","int(10)","NOT NULL",
"xamdit_server","newsfeed_post_likes","TBL","004"," ","date_liked","datetime2(7)","NOT NULL",
"xamdit_server","newsfeed_posts","TBL","001","PK","post_id","int(10)","NOT NULL",
"xamdit_server","newsfeed_posts","TBL","002"," ","creator","int(10)","NOT NULL",
"xamdit_server","newsfeed_posts","TBL","003"," ","date_created","datetime2(7)","NOT NULL",
"xamdit_server","newsfeed_posts","TBL","004"," ","visibility","nvarchar(100)","NOT NULL",
"xamdit_server","newsfeed_posts","TBL","005"," ","content","nvarchar(-1)","NOT NULL",
"xamdit_server","newsfeed_posts","TBL","006"," ","pinned","int(10)","NOT NULL",
"xamdit_server","newsfeed_posts","TBL","007"," ","datepinned","datetime2(7)","NULL",
"xamdit_server","notes","TBL","001","PK","id","int(10)","NOT NULL",
"xamdit_server","notes","TBL","002"," ","rel_id","int(10)","NOT NULL",
"xamdit_server","notes","TBL","003"," ","rel_type","nvarchar(20)","NOT NULL",
"xamdit_server","notes","TBL","004"," ","description","nvarchar(-1)","NULL",
"xamdit_server","notes","TBL","005"," ","date_contacted","datetime2(7)","NULL",
"xamdit_server","notes","TBL","006"," ","added_from","int(10)","NOT NULL",
"xamdit_server","notes","TBL","007"," ","date_added","datetime2(7)","NOT NULL",
"xamdit_server","notifications","TBL","001","PK","id","int(10)","NOT NULL",
"xamdit_server","notifications","TBL","002"," ","is_read","int(10)","NOT NULL",
"xamdit_server","notifications","TBL","003"," ","is_read_inline","real(24)","NOT NULL",
"xamdit_server","notifications","TBL","004"," ","date","datetime2(7)","NOT NULL",
"xamdit_server","notifications","TBL","005"," ","description","nvarchar(-1)","NOT NULL",
"xamdit_server","notifications","TBL","006"," ","from_user_id","int(10)","NOT NULL",
"xamdit_server","notifications","TBL","007","FK","from_client_id","int(10)","NOT NULL",
"xamdit_server","notifications","TBL","008"," ","from_fullname","nvarchar(100)","NOT NULL",
"xamdit_server","notifications","TBL","009"," ","to_user_id","int(10)","NOT NULL",
"xamdit_server","notifications","TBL","010"," ","from_company","int(10)","NULL",
"xamdit_server","notifications","TBL","011"," ","link","nvarchar(-1)","NULL",
"xamdit_server","notifications","TBL","012"," ","additional_data","nvarchar(-1)","NULL",
"xamdit_server","options","TBL","001","PK","id","int(10)","NOT NULL",
"xamdit_server","options","TBL","002"," ","name","nvarchar(191)","NOT NULL",
"xamdit_server","options","TBL","003"," ","value","nvarchar(-1)","NOT NULL",
"xamdit_server","options","TBL","004"," ","autoload","real(24)","NOT NULL",
"xamdit_server","payment_modes","TBL","001","PK","id","int(10)","NOT NULL",
"xamdit_server","payment_modes","TBL","002"," ","name","nvarchar(100)","NOT NULL",
"xamdit_server","payment_modes","TBL","003"," ","description","nvarchar(-1)","NULL",
"xamdit_server","payment_modes","TBL","004"," ","show_on_pdf","int(10)","NOT NULL",
"xamdit_server","payment_modes","TBL","005"," ","invoices_only","int(10)","NOT NULL",
"xamdit_server","payment_modes","TBL","006"," ","expenses_only","int(10)","NOT NULL",
"xamdit_server","payment_modes","TBL","007"," ","selected_by_default","int(10)","NOT NULL",
"xamdit_server","payment_modes","TBL","008"," ","active","real(24)","NOT NULL",
"xamdit_server","pinned_projects","TBL","001","PK","id","int(10)","NOT NULL",
"xamdit_server","pinned_projects","TBL","002","FK","project_id","int(10)","NOT NULL",
"xamdit_server","pinned_projects","TBL","003","FK","staff_id","int(10)","NOT NULL",
"xamdit_server","project_activity","TBL","001","PK","id","int(10)","NOT NULL",
"xamdit_server","project_activity","TBL","002","FK","project_id","int(10)","NOT NULL",
"xamdit_server","project_activity","TBL","003","FK","staff_id","int(10)","NOT NULL",
"xamdit_server","project_activity","TBL","004","FK","contact_id","int(10)","NOT NULL",
"xamdit_server","project_activity","TBL","005"," ","fullname","nvarchar(100)","NULL",
"xamdit_server","project_activity","TBL","006"," ","visible_to_customer","int(10)","NOT NULL",
"xamdit_server","project_activity","TBL","007"," ","description_key","nvarchar(191)","NOT NULL",
"xamdit_server","project_activity","TBL","008"," ","additional_data","nvarchar(-1)","NULL",
"xamdit_server","project_activity","TBL","009"," ","date_added","datetime2(7)","NOT NULL",
"xamdit_server","project_discussion_comments","TBL","001","PK","id","int(10)","NOT NULL",
"xamdit_server","project_discussion_comments","TBL","002"," ","discussion_id","int(10)","NOT NULL",
"xamdit_server","project_discussion_comments","TBL","003"," ","discussion_type","nvarchar(10)","NOT NULL",
"xamdit_server","project_discussion_comments","TBL","004"," ","parent","int(10)","NULL",
"xamdit_server","project_discussion_comments","TBL","005"," ","created","datetime2(7)","NOT NULL",
"xamdit_server","project_discussion_comments","TBL","006"," ","modified","datetime2(7)","NULL",
"xamdit_server","project_discussion_comments","TBL","007"," ","content","nvarchar(-1)","NOT NULL",
"xamdit_server","project_discussion_comments","TBL","008","FK","staff_id","int(10)","NOT NULL",
"xamdit_server","project_discussion_comments","TBL","009","FK","contact_id","int(10)","NULL",
"xamdit_server","project_discussion_comments","TBL","010"," ","fullname","nvarchar(191)","NULL",
"xamdit_server","project_discussion_comments","TBL","011"," ","file_name","nvarchar(191)","NULL",
"xamdit_server","project_discussion_comments","TBL","012"," ","file_mime_type","nvarchar(70)","NULL",
"xamdit_server","project_discussions","TBL","001","PK","id","int(10)","NOT NULL",
"xamdit_server","project_discussions","TBL","002","FK","project_id","int(10)","NOT NULL",
"xamdit_server","project_discussions","TBL","003"," ","subject","nvarchar(191)","NOT NULL",
"xamdit_server","project_discussions","TBL","004"," ","description","nvarchar(-1)","NOT NULL",
"xamdit_server","project_discussions","TBL","005"," ","show_to_customer","real(24)","NOT NULL",
"xamdit_server","project_discussions","TBL","006"," ","date_created","datetime2(7)","NOT NULL",
"xamdit_server","project_discussions","TBL","007"," ","last_activity","datetime2(7)","NULL",
"xamdit_server","project_discussions","TBL","008","FK","staff_id","int(10)","NOT NULL",
"xamdit_server","project_discussions","TBL","009"," ","contact_id","int(10)","NOT NULL",
"xamdit_server","project_files","TBL","001","PK","id","int(10)","NOT NULL",
"xamdit_server","project_files","TBL","002"," ","file_name","nvarchar(191)","NOT NULL",
"xamdit_server","project_files","TBL","003"," ","subject","nvarchar(191)","NULL",
"xamdit_server","project_files","TBL","004"," ","description","nvarchar(-1)","NULL",
"xamdit_server","project_files","TBL","005"," ","file_type","nvarchar(50)","NULL",
"xamdit_server","project_files","TBL","006"," ","date_added","datetime2(7)","NOT NULL",
"xamdit_server","project_files","TBL","007"," ","last_activity","datetime2(7)","NULL",
"xamdit_server","project_files","TBL","008"," ","project_id","int(10)","NOT NULL",
"xamdit_server","project_files","TBL","009"," ","visible_to_customer","real(24)","NULL",
"xamdit_server","project_files","TBL","010","FK","staff_id","int(10)","NOT NULL",
"xamdit_server","project_files","TBL","011","FK","contact_id","int(10)","NOT NULL",
"xamdit_server","project_files","TBL","012"," ","external","nvarchar(40)","NULL",
"xamdit_server","project_files","TBL","013"," ","external_link","nvarchar(-1)","NULL",
"xamdit_server","project_files","TBL","014"," ","thumbnail_link","nvarchar(-1)","NULL",
"xamdit_server","project_members","TBL","001","PK","id","int(10)","NOT NULL",
"xamdit_server","project_members","TBL","002","FK","project_id","int(10)","NOT NULL",
"xamdit_server","project_members","TBL","003","FK","staff_id","int(10)","NOT NULL",
"xamdit_server","project_notes","TBL","001","PK","id","int(10)","NOT NULL",
"xamdit_server","project_notes","TBL","002","FK","project_id","int(10)","NOT NULL",
"xamdit_server","project_notes","TBL","003"," ","content","nvarchar(-1)","NOT NULL",
"xamdit_server","project_notes","TBL","004","FK","staff_id","int(10)","NOT NULL",
"xamdit_server","project_settings","TBL","001","PK","id","int(10)","NOT NULL",
"xamdit_server","project_settings","TBL","002","FK","project_id","int(10)","NOT NULL",
"xamdit_server","project_settings","TBL","003"," ","name","nvarchar(100)","NOT NULL",
"xamdit_server","project_settings","TBL","004"," ","value","nvarchar(-1)","NULL",
"xamdit_server","projects","TBL","001","PK","id","int(10)","NOT NULL",
"xamdit_server","projects","TBL","002"," ","name","nvarchar(191)","NOT NULL",
"xamdit_server","projects","TBL","003"," ","description","nvarchar(-1)","NULL",
"xamdit_server","projects","TBL","004"," ","status","int(10)","NOT NULL",
"xamdit_server","projects","TBL","005","FK","client_id","int(10)","NOT NULL",
"xamdit_server","projects","TBL","006"," ","billing_type","int(10)","NOT NULL",
"xamdit_server","projects","TBL","007"," ","start_date","datetime2(7)","NOT NULL",
"xamdit_server","projects","TBL","008"," ","deadline","datetime2(7)","NULL",
"xamdit_server","projects","TBL","009"," ","project_created","datetime2(7)","NOT NULL",
"xamdit_server","projects","TBL","010"," ","date_finished","datetime2(7)","NULL",
"xamdit_server","projects","TBL","011"," ","progress","int(10)","NULL",
"xamdit_server","projects","TBL","012"," ","progress_from_tasks","int(10)","NOT NULL",
"xamdit_server","projects","TBL","013"," ","project_cost","decimal(15,2)","NULL",
"xamdit_server","projects","TBL","014"," ","project_rate_per_hour","decimal(15,2)","NULL",
"xamdit_server","projects","TBL","015"," ","estimated_hours","decimal(15,2)","NULL",
"xamdit_server","projects","TBL","016"," ","added_from","int(10)","NOT NULL",
"xamdit_server","proposal_comments","TBL","001","PK","id","int(10)","NOT NULL",
"xamdit_server","proposal_comments","TBL","002"," ","content","nvarchar(-1)","NULL",
"xamdit_server","proposal_comments","TBL","003","FK","proposal_id","int(10)","NOT NULL",
"xamdit_server","proposal_comments","TBL","004","FK","staff_id","int(10)","NOT NULL",
"xamdit_server","proposal_comments","TBL","005"," ","date_added","datetime2(7)","NOT NULL",
"xamdit_server","proposals","TBL","001","PK","id","int(10)","NOT NULL",
"xamdit_server","proposals","TBL","002"," ","subject","nvarchar(191)","NULL",
"xamdit_server","proposals","TBL","003"," ","content","nvarchar(-1)","NULL",
"xamdit_server","proposals","TBL","004"," ","added_from","int(10)","NOT NULL",
"xamdit_server","proposals","TBL","005"," ","date_created","datetime2(7)","NOT NULL",
"xamdit_server","proposals","TBL","006"," ","total","decimal(15,2)","NULL",
"xamdit_server","proposals","TBL","007"," ","sub_total","decimal(15,2)","NOT NULL",
"xamdit_server","proposals","TBL","008"," ","total_tax","decimal(15,2)","NOT NULL",
"xamdit_server","proposals","TBL","009"," ","adjustment","decimal(15,2)","NULL",
"xamdit_server","proposals","TBL","010"," ","discount_percent","decimal(15,2)","NOT NULL",
"xamdit_server","proposals","TBL","011"," ","discount_total","decimal(15,2)","NOT NULL",
"xamdit_server","proposals","TBL","012"," ","discount_type","nvarchar(30)","NULL",
"xamdit_server","proposals","TBL","013"," ","show_quantity_as","int(10)","NOT NULL",
"xamdit_server","proposals","TBL","014"," ","currency","int(10)","NOT NULL",
"xamdit_server","proposals","TBL","015"," ","open_till","datetime2(7)","NULL",
"xamdit_server","proposals","TBL","016"," ","date","datetime2(7)","NOT NULL",
"xamdit_server","proposals","TBL","017"," ","rel_id","int(10)","NULL",
"xamdit_server","proposals","TBL","018"," ","rel_type","nvarchar(40)","NULL",
"xamdit_server","proposals","TBL","019"," ","assigned","int(10)","NULL",
"xamdit_server","proposals","TBL","020"," ","hash","nvarchar(32)","NOT NULL",
"xamdit_server","proposals","TBL","021"," ","proposal_to","nvarchar(191)","NULL",
"xamdit_server","proposals","TBL","022"," ","country","int(10)","NOT NULL",
"xamdit_server","proposals","TBL","023"," ","zip","nvarchar(50)","NULL",
"xamdit_server","proposals","TBL","024"," ","state","nvarchar(100)","NULL",
"xamdit_server","proposals","TBL","025"," ","city","nvarchar(100)","NULL",
"xamdit_server","proposals","TBL","026"," ","address","nvarchar(200)","NULL",
"xamdit_server","proposals","TBL","027"," ","email","nvarchar(150)","NULL",
"xamdit_server","proposals","TBL","028"," ","phone","nvarchar(50)","NULL",
"xamdit_server","proposals","TBL","029"," ","allow_comments","real(24)","NOT NULL",
"xamdit_server","proposals","TBL","030"," ","status","int(10)","NOT NULL",
"xamdit_server","proposals","TBL","031","FK","estimate_id","int(10)","NULL",
"xamdit_server","proposals","TBL","032","FK","invoice_id","int(10)","NULL",
"xamdit_server","proposals","TBL","033"," ","date_converted","datetime2(7)","NULL",
"xamdit_server","proposals","TBL","034"," ","pipeline_order","int(10)","NOT NULL",
"xamdit_server","proposals","TBL","035"," ","is_expiry_notified","int(10)","NOT NULL",
"xamdit_server","proposals","TBL","036"," ","acceptance_firstname","nvarchar(50)","NULL",
"xamdit_server","proposals","TBL","037"," ","acceptance_lastname","nvarchar(50)","NULL",
"xamdit_server","proposals","TBL","038"," ","acceptance_email","nvarchar(100)","NULL",
"xamdit_server","proposals","TBL","039"," ","acceptance_date","datetime2(7)","NULL",
"xamdit_server","proposals","TBL","040"," ","acceptance_ip","nvarchar(40)","NULL",
"xamdit_server","proposals","TBL","041"," ","signature","nvarchar(40)","NULL",
"xamdit_server","related_items","TBL","001","PK","id","int(10)","NOT NULL",
"xamdit_server","related_items","TBL","002"," ","rel_id","int(10)","NOT NULL",
"xamdit_server","related_items","TBL","003"," ","rel_type","nvarchar(30)","NOT NULL",
"xamdit_server","related_items","TBL","004"," ","item_id","int(10)","NOT NULL",
"xamdit_server","reminders","TBL","001","PK","id","int(10)","NOT NULL",
"xamdit_server","reminders","TBL","002"," ","description","nvarchar(-1)","NULL",
"xamdit_server","reminders","TBL","003"," ","date","datetime2(7)","NOT NULL",
"xamdit_server","reminders","TBL","004"," ","is_notified","int(10)","NOT NULL",
"xamdit_server","reminders","TBL","005"," ","rel_id","int(10)","NOT NULL",
"xamdit_server","reminders","TBL","006","FK","staff_id","int(10)","NOT NULL",
"xamdit_server","reminders","TBL","007"," ","rel_type","nvarchar(40)","NOT NULL",
"xamdit_server","reminders","TBL","008"," ","notify_by_email","int(10)","NOT NULL",
"xamdit_server","reminders","TBL","009"," ","creator","int(10)","NOT NULL",
"xamdit_server","roles","TBL","001","PK","role_id","int(10)","NOT NULL",
"xamdit_server","roles","TBL","002"," ","name","nvarchar(150)","NOT NULL",
"xamdit_server","roles","TBL","003"," ","permissions","nvarchar(-1)","NULL",
"xamdit_server","sales_activity","TBL","001","PK","id","int(10)","NOT NULL",
"xamdit_server","sales_activity","TBL","002"," ","rel_type","nvarchar(20)","NULL",
"xamdit_server","sales_activity","TBL","003"," ","rel_id","int(10)","NOT NULL",
"xamdit_server","sales_activity","TBL","004"," ","description","nvarchar(-1)","NOT NULL",
"xamdit_server","sales_activity","TBL","005"," ","additional_data","nvarchar(-1)","NULL",
"xamdit_server","sales_activity","TBL","006"," ","staff","nvarchar(11)","NULL",
"xamdit_server","sales_activity","TBL","007"," ","full_name","nvarchar(100)","NULL",
"xamdit_server","sales_activity","TBL","008"," ","date","datetime2(7)","NOT NULL",
"xamdit_server","services","TBL","001","PK","service_id","int(10)","NOT NULL",
"xamdit_server","services","TBL","002"," ","name","nvarchar(50)","NOT NULL",
"xamdit_server","sessions","TBL","001","PK","id","nvarchar(128)","NOT NULL",
"xamdit_server","sessions","TBL","002"," ","ip_address","nvarchar(45)","NOT NULL",
"xamdit_server","sessions","TBL","003"," ","timestamp","int(10)","NOT NULL",
"xamdit_server","sessions","TBL","004"," ","data","varbinary(-1)","NOT NULL",
"xamdit_server","shared_customer_files","TBL","001"," ","file_id","int(10)","NOT NULL",
"xamdit_server","shared_customer_files","TBL","002","FK","contact_id","int(10)","NOT NULL",
"xamdit_server","spam_filters","TBL","001","PK","id","int(10)","NOT NULL",
"xamdit_server","spam_filters","TBL","002"," ","type","nvarchar(40)","NOT NULL",
"xamdit_server","spam_filters","TBL","003"," ","rel_type","nvarchar(10)","NOT NULL",
"xamdit_server","spam_filters","TBL","004"," ","value","nvarchar(-1)","NOT NULL",
"xamdit_server","staff","TBL","001","PK","staff_id","int(10)","NOT NULL",
"xamdit_server","staff","TBL","002"," ","email","nvarchar(100)","NOT NULL",
"xamdit_server","staff","TBL","003"," ","firstname","nvarchar(50)","NOT NULL",
"xamdit_server","staff","TBL","004"," ","lastname","nvarchar(50)","NOT NULL",
"xamdit_server","staff","TBL","005"," ","facebook","nvarchar(-1)","NULL",
"xamdit_server","staff","TBL","006"," ","linkedin","nvarchar(-1)","NULL",
"xamdit_server","staff","TBL","007"," ","phonenumber","nvarchar(30)","NULL",
"xamdit_server","staff","TBL","008"," ","skype","nvarchar(50)","NULL",
"xamdit_server","staff","TBL","009"," ","password","nvarchar(250)","NOT NULL",
"xamdit_server","staff","TBL","010"," ","date_created","datetime2(7)","NOT NULL",
"xamdit_server","staff","TBL","011"," ","profile_image","nvarchar(191)","NULL",
"xamdit_server","staff","TBL","012"," ","last_ip","nvarchar(40)","NULL",
"xamdit_server","staff","TBL","013"," ","last_login","datetime2(7)","NULL",
"xamdit_server","staff","TBL","014"," ","last_activity","datetime2(7)","NULL",
"xamdit_server","staff","TBL","015"," ","last_password_change","datetime2(7)","NULL",
"xamdit_server","staff","TBL","016"," ","new_pass_key","nvarchar(32)","NULL",
"xamdit_server","staff","TBL","017"," ","new_pass_key_requested","datetime2(7)","NULL",
"xamdit_server","staff","TBL","018"," ","role","int(10)","NULL",
"xamdit_server","staff","TBL","019"," ","active","int(10)","NOT NULL",
"xamdit_server","staff","TBL","020"," ","default_language","nvarchar(40)","NULL",
"xamdit_server","staff","TBL","021"," ","direction","nvarchar(3)","NULL",
"xamdit_server","staff","TBL","022"," ","media_path_slug","nvarchar(191)","NULL",
"xamdit_server","staff","TBL","023"," ","is_not_staff","int(10)","NOT NULL",
"xamdit_server","staff","TBL","024"," ","hourly_rate","decimal(15,2)","NOT NULL",
"xamdit_server","staff","TBL","025"," ","two_factor_auth_enabled","real(24)","NULL",
"xamdit_server","staff","TBL","026"," ","two_factor_auth_code","nvarchar(100)","NULL",
"xamdit_server","staff","TBL","027"," ","two_factor_auth_code_requested","datetime2(7)","NULL",
"xamdit_server","staff","TBL","028"," ","email_signature","nvarchar(-1)","NULL",
"xamdit_server","staff","TBL","029"," ","is_admin","real(24)","NOT NULL",
"xamdit_server","staff_departments","TBL","001","FK","staff_id","int(10)","NOT NULL",
"xamdit_server","staff_departments","TBL","002","FK","department_id","int(10)","NOT NULL",
"xamdit_server","staff_departments","TBL","003","PK","id","int(10)","NOT NULL",
"xamdit_server","staff_permissions","TBL","001","FK","staff_id","int(10)","NOT NULL",
"xamdit_server","staff_permissions","TBL","002"," ","feature","nvarchar(40)","NOT NULL",
"xamdit_server","staff_permissions","TBL","003"," ","capability","nvarchar(100)","NOT NULL",
"xamdit_server","subscriptions","TBL","001","PK","id","int(10)","NOT NULL",
"xamdit_server","subscriptions","TBL","002"," ","name","nvarchar(191)","NOT NULL",
"xamdit_server","subscriptions","TBL","003"," ","description","nvarchar(-1)","NULL",
"xamdit_server","subscriptions","TBL","004"," ","description_in_item","real(24)","NOT NULL",
"xamdit_server","subscriptions","TBL","005","FK","client_id","int(10)","NOT NULL",
"xamdit_server","subscriptions","TBL","006"," ","date","datetime2(7)","NULL",
"xamdit_server","subscriptions","TBL","007"," ","currency","int(10)","NOT NULL",
"xamdit_server","subscriptions","TBL","008"," ","tax_id","int(10)","NOT NULL",
"xamdit_server","subscriptions","TBL","009"," ","stripe_plan_id","nvarchar(-1)","NULL",
"xamdit_server","subscriptions","TBL","010"," ","stripe_subscription_id","nvarchar(-1)","NOT NULL",
"xamdit_server","subscriptions","TBL","011"," ","next_billing_cycle","bigint(19)","NULL",
"xamdit_server","subscriptions","TBL","012"," ","ends_at","bigint(19)","NULL",
"xamdit_server","subscriptions","TBL","013"," ","status","nvarchar(50)","NULL",
"xamdit_server","subscriptions","TBL","014"," ","quantity","int(10)","NOT NULL",
"xamdit_server","subscriptions","TBL","015"," ","project_id","int(10)","NOT NULL",
"xamdit_server","subscriptions","TBL","016"," ","hash","nvarchar(32)","NOT NULL",
"xamdit_server","subscriptions","TBL","017"," ","created","datetime2(7)","NOT NULL",
"xamdit_server","subscriptions","TBL","018"," ","created_from","int(10)","NOT NULL",
"xamdit_server","subscriptions","TBL","019"," ","date_subscribed","datetime2(7)","NULL",
"xamdit_server","taggables","TBL","001"," ","rel_id","int(10)","NOT NULL",
"xamdit_server","taggables","TBL","002"," ","rel_type","nvarchar(20)","NOT NULL",
"xamdit_server","taggables","TBL","003"," ","tag_id","int(10)","NOT NULL",
"xamdit_server","taggables","TBL","004"," ","tag_order","int(10)","NOT NULL",
"xamdit_server","tags","TBL","001","PK","id","int(10)","NOT NULL",
"xamdit_server","tags","TBL","002"," ","name","nvarchar(100)","NOT NULL",
"xamdit_server","task_assigned","TBL","001","PK","id","int(10)","NOT NULL",
"xamdit_server","task_assigned","TBL","002","FK","staff_id","int(10)","NOT NULL",
"xamdit_server","task_assigned","TBL","003","FK","task_id","int(10)","NOT NULL",
"xamdit_server","task_assigned","TBL","004"," ","assigned_from","int(10)","NOT NULL",
"xamdit_server","task_assigned","TBL","005"," ","is_assigned_from_contact","real(24)","NOT NULL",
"xamdit_server","task_checklist_items","TBL","001","PK","id","int(10)","NOT NULL",
"xamdit_server","task_checklist_items","TBL","002","FK","task_id","int(10)","NOT NULL",
"xamdit_server","task_checklist_items","TBL","003"," ","description","nvarchar(-1)","NOT NULL",
"xamdit_server","task_checklist_items","TBL","004"," ","finished","int(10)","NOT NULL",
"xamdit_server","task_checklist_items","TBL","005"," ","date_added","datetime2(7)","NOT NULL",
"xamdit_server","task_checklist_items","TBL","006"," ","added_from","int(10)","NOT NULL",
"xamdit_server","task_checklist_items","TBL","007"," ","finished_from","int(10)","NULL",
"xamdit_server","task_checklist_items","TBL","008"," ","list_order","int(10)","NOT NULL",
"xamdit_server","task_comments","TBL","001","PK","id","int(10)","NOT NULL",
"xamdit_server","task_comments","TBL","002"," ","content","nvarchar(-1)","NOT NULL",
"xamdit_server","task_comments","TBL","003","FK","task_id","int(10)","NOT NULL",
"xamdit_server","task_comments","TBL","004","FK","staff_id","int(10)","NOT NULL",
"xamdit_server","task_comments","TBL","005","FK","contact_id","int(10)","NOT NULL",
"xamdit_server","task_comments","TBL","006"," ","file_id","int(10)","NOT NULL",
"xamdit_server","task_comments","TBL","007"," ","date_added","datetime2(7)","NOT NULL",
"xamdit_server","task_followers","TBL","001","PK","id","int(10)","NOT NULL",
"xamdit_server","task_followers","TBL","002","FK","staff_id","int(10)","NOT NULL",
"xamdit_server","task_followers","TBL","003","FK","task_id","int(10)","NOT NULL",
"xamdit_server","tasks","TBL","001","PK","id","int(10)","NOT NULL",
"xamdit_server","tasks","TBL","002"," ","name","nvarchar(-1)","NULL",
"xamdit_server","tasks","TBL","003"," ","description","nvarchar(-1)","NULL",
"xamdit_server","tasks","TBL","004"," ","priority","int(10)","NULL",
"xamdit_server","tasks","TBL","005"," ","date_added","datetime2(7)","NOT NULL",
"xamdit_server","tasks","TBL","006"," ","start_date","datetime2(7)","NOT NULL",
"xamdit_server","tasks","TBL","007"," ","due_date","datetime2(7)","NULL",
"xamdit_server","tasks","TBL","008"," ","date_finished","datetime2(7)","NULL",
"xamdit_server","tasks","TBL","009"," ","added_from","int(10)","NOT NULL",
"xamdit_server","tasks","TBL","010"," ","is_added_from_contact","real(24)","NOT NULL",
"xamdit_server","tasks","TBL","011"," ","status","int(10)","NOT NULL",
"xamdit_server","tasks","TBL","012"," ","recurring_type","nvarchar(10)","NULL",
"xamdit_server","tasks","TBL","013"," ","repeat_every","int(10)","NULL",
"xamdit_server","tasks","TBL","014"," ","recurring","int(10)","NOT NULL",
"xamdit_server","tasks","TBL","015"," ","is_recurring_from","int(10)","NULL",
"xamdit_server","tasks","TBL","016"," ","cycles","int(10)","NOT NULL",
"xamdit_server","tasks","TBL","017"," ","total_cycles","int(10)","NOT NULL",
"xamdit_server","tasks","TBL","018"," ","custom_recurring","real(24)","NOT NULL",
"xamdit_server","tasks","TBL","019"," ","last_recurring_date","datetime2(7)","NULL",
"xamdit_server","tasks","TBL","020"," ","rel_id","int(10)","NULL",
"xamdit_server","tasks","TBL","021"," ","rel_type","nvarchar(30)","NULL",
"xamdit_server","tasks","TBL","022"," ","is_public","real(24)","NOT NULL",
"xamdit_server","tasks","TBL","023"," ","billable","real(24)","NOT NULL",
"xamdit_server","tasks","TBL","024"," ","billed","real(24)","NOT NULL",
"xamdit_server","tasks","TBL","025","FK","invoice_id","int(10)","NOT NULL",
"xamdit_server","tasks","TBL","026"," ","hourly_rate","decimal(15,2)","NOT NULL",
"xamdit_server","tasks","TBL","027"," ","milestone","int(10)","NULL",
"xamdit_server","tasks","TBL","028"," ","kanban_order","int(10)","NOT NULL",
"xamdit_server","tasks","TBL","029"," ","milestone_order","int(10)","NOT NULL",
"xamdit_server","tasks","TBL","030"," ","visible_to_client","real(24)","NOT NULL",
"xamdit_server","tasks","TBL","031"," ","deadline_notified","int(10)","NOT NULL",
"xamdit_server","tasks_checklist_templates","TBL","001","PK","id","int(10)","NOT NULL",
"xamdit_server","tasks_checklist_templates","TBL","002"," ","description","nvarchar(-1)","NULL",
"xamdit_server","tasks_timers","TBL","001","PK","id","int(10)","NOT NULL",
"xamdit_server","tasks_timers","TBL","002","FK","task_id","int(10)","NOT NULL",
"xamdit_server","tasks_timers","TBL","003"," ","start_time","nvarchar(64)","NOT NULL",
"xamdit_server","tasks_timers","TBL","004"," ","end_time","nvarchar(64)","NULL",
"xamdit_server","tasks_timers","TBL","005","FK","staff_id","int(10)","NOT NULL",
"xamdit_server","tasks_timers","TBL","006"," ","hourly_rate","decimal(15,2)","NOT NULL",
"xamdit_server","tasks_timers","TBL","007"," ","note","nvarchar(-1)","NULL",
"xamdit_server","taxes","TBL","001","PK","id","int(10)","NOT NULL",
"xamdit_server","taxes","TBL","002"," ","name","nvarchar(100)","NOT NULL",
"xamdit_server","taxes","TBL","003"," ","tax_rate","decimal(15,2)","NOT NULL",
"xamdit_server","ticket_attachments","TBL","001","PK","id","int(10)","NOT NULL",
"xamdit_server","ticket_attachments","TBL","002","FK","ticket_id","int(10)","NOT NULL",
"xamdit_server","ticket_attachments","TBL","003"," ","replyid","int(10)","NULL",
"xamdit_server","ticket_attachments","TBL","004"," ","file_name","nvarchar(191)","NOT NULL",
"xamdit_server","ticket_attachments","TBL","005"," ","file_type","nvarchar(50)","NULL",
"xamdit_server","ticket_attachments","TBL","006"," ","date_added","datetime2(7)","NOT NULL",
"xamdit_server","ticket_replies","TBL","001","PK","id","int(10)","NOT NULL",
"xamdit_server","ticket_replies","TBL","002"," ","ticket_id","int(10)","NOT NULL",
"xamdit_server","ticket_replies","TBL","003"," ","user_id","int(10)","NULL",
"xamdit_server","ticket_replies","TBL","004","FK","contact_id","int(10)","NOT NULL",
"xamdit_server","ticket_replies","TBL","005"," ","name","nvarchar(-1)","NULL",
"xamdit_server","ticket_replies","TBL","006"," ","email","nvarchar(-1)","NULL",
"xamdit_server","ticket_replies","TBL","007"," ","date","datetime2(7)","NOT NULL",
"xamdit_server","ticket_replies","TBL","008"," ","message","nvarchar(-1)","NULL",
"xamdit_server","ticket_replies","TBL","009"," ","attachment","int(10)","NULL",
"xamdit_server","ticket_replies","TBL","010"," ","admin","int(10)","NULL",
"xamdit_server","tickets","TBL","001","PK","ticket_id","int(10)","NOT NULL",
"xamdit_server","tickets","TBL","002"," ","adminreplying","int(10)","NOT NULL",
"xamdit_server","tickets","TBL","003"," ","user_id","int(10)","NOT NULL",
"xamdit_server","tickets","TBL","004","FK","contact_id","int(10)","NOT NULL",
"xamdit_server","tickets","TBL","005"," ","email","nvarchar(-1)","NULL",
"xamdit_server","tickets","TBL","006"," ","name","nvarchar(-1)","NULL",
"xamdit_server","tickets","TBL","007"," ","department","int(10)","NOT NULL",
"xamdit_server","tickets","TBL","008"," ","priority","int(10)","NOT NULL",
"xamdit_server","tickets","TBL","009"," ","status","int(10)","NOT NULL",
"xamdit_server","tickets","TBL","010"," ","service","int(10)","NULL",
"xamdit_server","tickets","TBL","011"," ","ticketkey","nvarchar(32)","NOT NULL",
"xamdit_server","tickets","TBL","012"," ","subject","nvarchar(191)","NOT NULL",
"xamdit_server","tickets","TBL","013"," ","message","nvarchar(-1)","NULL",
"xamdit_server","tickets","TBL","014"," ","admin","int(10)","NULL",
"xamdit_server","tickets","TBL","015"," ","date","datetime2(7)","NOT NULL",
"xamdit_server","tickets","TBL","016","FK","project_id","int(10)","NOT NULL",
"xamdit_server","tickets","TBL","017"," ","last_reply","datetime2(7)","NULL",
"xamdit_server","tickets","TBL","018"," ","client_read","int(10)","NOT NULL",
"xamdit_server","tickets","TBL","019"," ","admin_read","int(10)","NOT NULL",
"xamdit_server","tickets","TBL","020"," ","assigned","int(10)","NOT NULL",
"xamdit_server","tickets_pipe_log","TBL","001","PK","id","int(10)","NOT NULL",
"xamdit_server","tickets_pipe_log","TBL","002"," ","date","datetime2(7)","NOT NULL",
"xamdit_server","tickets_pipe_log","TBL","003"," ","email_to","nvarchar(100)","NOT NULL",
"xamdit_server","tickets_pipe_log","TBL","004"," ","name","nvarchar(191)","NOT NULL",
"xamdit_server","tickets_pipe_log","TBL","005"," ","subject","nvarchar(191)","NOT NULL",
"xamdit_server","tickets_pipe_log","TBL","006"," ","message","nvarchar(-1)","NOT NULL",
"xamdit_server","tickets_pipe_log","TBL","007"," ","email","nvarchar(100)","NOT NULL",
"xamdit_server","tickets_pipe_log","TBL","008"," ","status","nvarchar(100)","NOT NULL",
"xamdit_server","tickets_predefined_replies","TBL","001","PK","id","int(10)","NOT NULL",
"xamdit_server","tickets_predefined_replies","TBL","002"," ","name","nvarchar(191)","NOT NULL",
"xamdit_server","tickets_predefined_replies","TBL","003"," ","message","nvarchar(-1)","NOT NULL",
"xamdit_server","tickets_priorities","TBL","001","PK","id","int(10)","NOT NULL",
"xamdit_server","tickets_priorities","TBL","002"," ","name","nvarchar(50)","NOT NULL",
"xamdit_server","tickets_status","TBL","001","PK","tickets_status_id","int(10)","NOT NULL",
"xamdit_server","tickets_status","TBL","002"," ","name","nvarchar(50)","NOT NULL",
"xamdit_server","tickets_status","TBL","003"," ","is_default","int(10)","NOT NULL",
"xamdit_server","tickets_status","TBL","004"," ","status_order","int(10)","NULL",
"xamdit_server","tickets_status","TBL","005"," ","status_color","nvarchar(7)","NULL",
"xamdit_server","todos","TBL","001","PK","todo_id","int(10)","NOT NULL",
"xamdit_server","todos","TBL","002"," ","description","nvarchar(-1)","NOT NULL",
"xamdit_server","todos","TBL","003","FK","staff_id","int(10)","NOT NULL",
"xamdit_server","todos","TBL","004"," ","date_added","datetime2(7)","NOT NULL",
"xamdit_server","todos","TBL","005"," ","finished","real(24)","NOT NULL",
"xamdit_server","todos","TBL","006"," ","date_finished","datetime2(7)","NULL",
"xamdit_server","todos","TBL","007"," ","item_order","int(10)","NULL",
"xamdit_server","tracked_mails","TBL","001","PK","id","int(10)","NOT NULL",
"xamdit_server","tracked_mails","TBL","002"," ","uid","nvarchar(32)","NOT NULL",
"xamdit_server","tracked_mails","TBL","003"," ","rel_id","int(10)","NOT NULL",
"xamdit_server","tracked_mails","TBL","004"," ","rel_type","nvarchar(40)","NOT NULL",
"xamdit_server","tracked_mails","TBL","005"," ","date","datetime2(7)","NOT NULL",
"xamdit_server","tracked_mails","TBL","006"," ","email","nvarchar(100)","NOT NULL",
"xamdit_server","tracked_mails","TBL","007"," ","opened","real(24)","NOT NULL",
"xamdit_server","tracked_mails","TBL","008"," ","date_opened","datetime2(7)","NULL",
"xamdit_server","tracked_mails","TBL","009"," ","subject","nvarchar(-1)","NULL",
"xamdit_server","user_auto_login","TBL","001"," ","key_id","nchar(32)","NOT NULL",
"xamdit_server","user_auto_login","TBL","002"," ","user_id","int(10)","NOT NULL",
"xamdit_server","user_auto_login","TBL","003"," ","user_agent","nvarchar(150)","NOT NULL",
"xamdit_server","user_auto_login","TBL","004"," ","last_ip","nvarchar(40)","NOT NULL",
"xamdit_server","user_auto_login","TBL","005"," ","last_login","datetime2(7)","NOT NULL",
"xamdit_server","user_auto_login","TBL","006"," ","staff","int(10)","NOT NULL",
"xamdit_server","user_meta","TBL","001","PK","umeta_id","bigint(19)","NOT NULL",
"xamdit_server","user_meta","TBL","002"," ","staff_id","bigint(19)","NOT NULL",
"xamdit_server","user_meta","TBL","003"," ","client_id","bigint(19)","NOT NULL",
"xamdit_server","user_meta","TBL","004"," ","contact_id","bigint(19)","NOT NULL",
"xamdit_server","user_meta","TBL","005"," ","meta_key","nvarchar(191)","NULL",
"xamdit_server","user_meta","TBL","006"," ","meta_value","nvarchar(-1)","NULL",
"xamdit_server","vault","TBL","001","PK","id","int(10)","NOT NULL",
"xamdit_server","vault","TBL","002"," ","customer_id","int(10)","NOT NULL",
"xamdit_server","vault","TBL","003"," ","server_address","nvarchar(191)","NOT NULL",
"xamdit_server","vault","TBL","004"," ","port","int(10)","NULL",
"xamdit_server","vault","TBL","005"," ","username","nvarchar(191)","NOT NULL",
"xamdit_server","vault","TBL","006"," ","password","nvarchar(-1)","NOT NULL",
"xamdit_server","vault","TBL","007"," ","description","nvarchar(-1)","NULL",
"xamdit_server","vault","TBL","008"," ","creator","int(10)","NOT NULL",
"xamdit_server","vault","TBL","009"," ","creator_name","nvarchar(100)","NULL",
"xamdit_server","vault","TBL","010"," ","visibility","real(24)","NOT NULL",
"xamdit_server","vault","TBL","011"," ","share_in_projects","real(24)","NOT NULL",
"xamdit_server","vault","TBL","012"," ","last_updated","datetime2(7)","NULL",
"xamdit_server","vault","TBL","013"," ","last_updated_from","nvarchar(100)","NULL",
"xamdit_server","vault","TBL","014"," ","date_created","datetime2(7)","NOT NULL",
"xamdit_server","views_tracking","TBL","001","PK","id","int(10)","NOT NULL",
"xamdit_server","views_tracking","TBL","002"," ","rel_id","int(10)","NOT NULL",
"xamdit_server","views_tracking","TBL","003"," ","rel_type","nvarchar(40)","NOT NULL",
"xamdit_server","views_tracking","TBL","004"," ","date","datetime2(7)","NOT NULL",
"xamdit_server","views_tracking","TBL","005"," ","view_ip","nvarchar(40)","NOT NULL",
"xamdit_server","web_to_lead","TBL","001","PK","id","int(10)","NOT NULL",
"xamdit_server","web_to_lead","TBL","002"," ","form_key","nvarchar(32)","NOT NULL",
"xamdit_server","web_to_lead","TBL","003"," ","lead_source","int(10)","NOT NULL",
"xamdit_server","web_to_lead","TBL","004"," ","lead_status","int(10)","NOT NULL",
"xamdit_server","web_to_lead","TBL","005"," ","notify_lead_imported","int(10)","NOT NULL",
"xamdit_server","web_to_lead","TBL","006"," ","notify_type","nvarchar(20)","NULL",
"xamdit_server","web_to_lead","TBL","007"," ","notify_ids","nvarchar(-1)","NULL",
"xamdit_server","web_to_lead","TBL","008"," ","responsible","int(10)","NOT NULL",
"xamdit_server","web_to_lead","TBL","009"," ","name","nvarchar(191)","NOT NULL",
"xamdit_server","web_to_lead","TBL","010"," ","form_data","nvarchar(-1)","NULL",
"xamdit_server","web_to_lead","TBL","011"," ","recaptcha","int(10)","NOT NULL",
"xamdit_server","web_to_lead","TBL","012"," ","submit_btn_name","nvarchar(40)","NULL",
"xamdit_server","web_to_lead","TBL","013"," ","success_submit_msg","nvarchar(-1)","NULL",
"xamdit_server","web_to_lead","TBL","014"," ","language","nvarchar(40)","NULL",
"xamdit_server","web_to_lead","TBL","015"," ","allow_duplicate","int(10)","NOT NULL",
"xamdit_server","web_to_lead","TBL","016"," ","mark_public","int(10)","NOT NULL",
"xamdit_server","web_to_lead","TBL","017"," ","track_duplicate_field","nvarchar(20)","NULL",
"xamdit_server","web_to_lead","TBL","018"," ","track_duplicate_field_and","nvarchar(20)","NULL",
"xamdit_server","web_to_lead","TBL","019"," ","create_task_on_duplicate","int(10)","NOT NULL",
"xamdit_server","web_to_lead","TBL","020"," ","date_added","datetime2(7)","NOT NULL",
